variable,MSE,MSE_SE,MAE,MAE_SE,correlation,count,covars_ind,tau_,covars,tau_ind,regularization,regularization_ind
MacJuv,0.8284545116519089,0.2631833597853866,0.711076045229481,0.1270482919115228,0.661640038280138,21,1,0.05,String[],1,100.0,2
MacPyr,2.453831415747818,1.1787319698442391,1.104961231162721,0.24828331532497122,-0.031932751480107914,21,1,0.05,String[],1,100.0,2
MacJuv,1.4444625106462665,0.41146218985652827,0.9634947644066553,0.16064562701910537,0.259368998346034,21,2,0.05,"[""StrPur""]",1,50.0,1
MacPyr,2.532069862153185,1.2171831221768499,1.106776578676298,0.2556477524883383,0.02211588029250665,21,2,0.05,"[""StrPur""]",1,50.0,1
MacJuv,0.8081166625600492,0.21131211073535736,0.7283988994415721,0.11780316333875668,0.6333734170694284,21,3,0.05,"[""PycHel""]",1,50.0,1
MacPyr,2.5021546643360493,1.4002719699681243,1.0279562850950517,0.26883643170798394,0.005759602442905483,21,3,0.05,"[""PycHel""]",1,50.0,1
MacJuv,1.267941737704224,0.2947501309480939,0.9729415512643371,0.1267530030270623,0.26619280186340055,21,4,0.05,"[""StrPur"", ""PycHel""]",1,50.0,1
MacPyr,4.797112657382125,2.7993380991729313,1.417504670443651,0.3733492444516637,-0.35025150225248264,21,4,0.05,"[""StrPur"", ""PycHel""]",1,50.0,1
MacJuv,0.7905255149783037,0.22543030579511658,0.7025748012836652,0.12184296524205286,0.6097773279991533,21,1,0.1,String[],2,50.0,1
MacPyr,4.922124929905101,3.7498322344531885,1.1988255060648647,0.4174291757839539,-0.28323637266457213,21,1,0.1,String[],2,50.0,1
MacJuv,1.0080190106125515,0.320825549235894,0.7765477149521169,0.14230120467079627,0.5055458507887359,21,2,0.1,"[""StrPur""]",2,50.0,1
MacPyr,2.2946153693823934,1.2053402478712338,1.0197334899165313,0.25047544579509634,0.18850948254930072,21,2,0.1,"[""StrPur""]",2,50.0,1
MacJuv,1.1594930029998576,0.29886039713215456,0.8747850819049321,0.14040015375284307,0.4697032018194698,21,3,0.1,"[""PycHel""]",2,50.0,1
MacPyr,2.0022134570545767,0.7426958908883048,0.9848183614261752,0.22719443787782748,0.1772030936682577,21,3,0.1,"[""PycHel""]",2,50.0,1
MacJuv,0.7845071863526331,0.25089486170073966,0.6871357725363942,0.12497031976702423,0.6461525246587052,21,4,0.1,"[""StrPur"", ""PycHel""]",2,50.0,1
MacPyr,7.693475999649623,4.668497348160921,1.7081443734120831,0.4886572827263635,-0.3340321430948619,21,4,0.1,"[""StrPur"", ""PycHel""]",2,50.0,1
MacJuv,0.8284545116519089,0.2631833597853866,0.711076045229481,0.1270482919115228,0.661640038280138,21,1,0.05,String[],1,100.0,2
MacPyr,2.453831415747818,1.1787319698442391,1.104961231162721,0.24828331532497122,-0.031932751480107914,21,1,0.05,String[],1,100.0,2
MacJuv,0.829922887435675,0.22068444714129307,0.7444765848967274,0.11740474904708514,0.5797396477662826,21,2,0.2,"[""StrPur""]",3,50.0,1
MacPyr,3.721437643607637,2.2976303478321145,1.2364603228994244,0.33110447848851937,-0.2523940512359745,21,2,0.2,"[""StrPur""]",3,50.0,1
MacJuv,0.8452519531997676,0.24792823534838854,0.7178602892225161,0.12843842072314912,0.5790561031250389,21,3,0.2,"[""PycHel""]",3,50.0,1
MacPyr,3.147922132448749,2.1154795196229346,1.065598980499731,0.3172082080595239,-0.20635494205811508,21,3,0.2,"[""PycHel""]",3,50.0,1
MacJuv,0.917987969041399,0.2535059369020876,0.7549220886040084,0.13192433611338752,0.5486880989437906,21,4,0.2,"[""StrPur"", ""PycHel""]",3,50.0,1
MacPyr,2.0652634616639123,0.9648768839977453,1.02173762310755,0.22597739833780353,0.15331641795532605,21,4,0.2,"[""StrPur"", ""PycHel""]",3,50.0,1
MacJuv,0.6503301690324831,0.19724071157953182,0.6533721308090868,0.10569650602420042,0.686376565091942,21,1,0.5,String[],4,50.0,1
MacPyr,1.8302749013747852,0.7614903684458353,1.004017024489843,0.20275905847943604,0.5001147447193047,21,1,0.5,String[],4,50.0,1
MacJuv,0.6832584199518715,0.20827716719398315,0.673087104464676,0.10728750387515548,0.6655595535632599,21,2,0.5,"[""StrPur""]",4,50.0,1
MacPyr,1.8535994600896155,0.7531043588042067,1.0156330856800868,0.20274231124281403,0.4908569101291294,21,2,0.5,"[""StrPur""]",4,50.0,1
MacJuv,0.7650955165761734,0.2506513363130651,0.6876225818862038,0.1208864552909722,0.6099956413648504,21,3,0.5,"[""PycHel""]",4,50.0,1
MacPyr,1.4467303615913987,0.5612466966025789,0.9056449561410153,0.17699400766801923,0.5552220168624575,21,3,0.5,"[""PycHel""]",4,50.0,1
MacJuv,0.6655912210657827,0.21646399812030298,0.6333362721460166,0.11499486672238231,0.6826472197306961,21,4,0.5,"[""StrPur"", ""PycHel""]",4,50.0,1
MacPyr,2.0368819833468783,0.950338495439579,1.0153603320631617,0.22426829684771146,0.06382425730503702,21,4,0.5,"[""StrPur"", ""PycHel""]",4,50.0,1
MacJuv,0.8284545116519089,0.2631833597853866,0.711076045229481,0.1270482919115228,0.661640038280138,21,1,0.05,String[],1,100.0,2
MacPyr,2.453831415747818,1.1787319698442391,1.104961231162721,0.24828331532497122,-0.031932751480107914,21,1,0.05,String[],1,100.0,2
MacJuv,1.346087413318519,0.3937766942709613,0.924635527883029,0.15670618269471556,0.335040617386362,21,2,0.05,"[""StrPur""]",1,100.0,2
MacPyr,1.6197381170800482,0.6185509969714323,0.9290247114655995,0.19450593854254264,0.3334985713490704,21,2,0.05,"[""StrPur""]",1,100.0,2
MacJuv,0.9185465460509297,0.2380414843215761,0.807105481994242,0.11556973803417833,0.5758363245126672,21,3,0.05,"[""PycHel""]",1,100.0,2
MacPyr,1.7756910724224506,0.6252517426665336,0.9651485095029056,0.20544822060883985,0.2574954513598711,21,3,0.05,"[""PycHel""]",1,100.0,2
MacJuv,1.050495663499796,0.32999614801155785,0.8093580038806871,0.14061210564067125,0.450886284390177,21,4,0.05,"[""StrPur"", ""PycHel""]",1,100.0,2
MacPyr,1.8537074432363068,0.8419459717732845,0.8915253269741635,0.2300967225537902,0.12941633755445175,21,4,0.05,"[""StrPur"", ""PycHel""]",1,100.0,2
MacJuv,0.8287746249045728,0.23622805685452553,0.7103687382575006,0.1273088529150702,0.5927998250695647,21,1,0.1,String[],2,100.0,2
MacPyr,2.391877209666895,1.241972913637975,1.0220448066062136,0.2595478398057054,0.10055990915149257,21,1,0.1,String[],2,100.0,2
MacJuv,0.8208730318223881,0.2284525972925362,0.7418010255748555,0.11631944598356733,0.6004798973993821,21,2,0.1,"[""StrPur""]",2,100.0,2
MacPyr,2.4102878952801072,1.1727027537634267,1.123689343152974,0.2395422880583453,0.036137750926154975,21,2,0.1,"[""StrPur""]",2,100.0,2
MacJuv,0.83145697486295,0.2165410716345434,0.7347839097948463,0.12073723136827945,0.6021375546458478,21,3,0.1,"[""PycHel""]",2,100.0,2
MacPyr,1.6126667012060167,0.6796765870083582,0.8540076793459015,0.210159175962441,0.3382228488752342,21,3,0.1,"[""PycHel""]",2,100.0,2
MacJuv,1.099508927151667,0.2918453006849065,0.8499018239521822,0.1373273127958202,0.4569855597396395,21,4,0.1,"[""StrPur"", ""PycHel""]",2,100.0,2
MacPyr,3.3766012095580415,1.759905792456811,1.2465207032681334,0.3018929732439925,-0.2518751116305892,21,4,0.1,"[""StrPur"", ""PycHel""]",2,100.0,2
MacJuv,0.8284545116519089,0.2631833597853866,0.711076045229481,0.1270482919115228,0.661640038280138,21,1,0.05,String[],1,100.0,2
MacPyr,2.453831415747818,1.1787319698442391,1.104961231162721,0.24828331532497122,-0.031932751480107914,21,1,0.05,String[],1,100.0,2
MacJuv,0.794443597132308,0.21987955256386843,0.710758325404102,0.12026350236066319,0.5979227976614697,21,2,0.2,"[""StrPur""]",3,100.0,2
MacPyr,2.620141669473878,1.5149776985756718,1.0901957628884993,0.2675457781440254,-0.0580568657905861,21,2,0.2,"[""StrPur""]",3,100.0,2
MacJuv,0.8614542079788242,0.26505542092659545,0.7075925197180114,0.1343069309488419,0.5596694209597798,21,3,0.2,"[""PycHel""]",3,100.0,2
MacPyr,1.4609993418430354,0.5462614922465836,0.8868223842287545,0.18364985715674578,0.49205214404743,21,3,0.2,"[""PycHel""]",3,100.0,2
MacJuv,0.7380780319475102,0.22067593483975068,0.6539950149719076,0.12457298108727358,0.6312432493013335,21,4,0.2,"[""StrPur"", ""PycHel""]",3,100.0,2
MacPyr,1.9727642509479668,0.9767365724163245,0.9500137475068112,0.23132640689035386,0.10944415467434675,21,4,0.2,"[""StrPur"", ""PycHel""]",3,100.0,2
MacJuv,0.7266187193459611,0.22805378592713602,0.673635100079093,0.11679778921011123,0.6960456890647713,21,1,0.5,String[],4,100.0,2
MacPyr,2.0614050732499245,0.9865266306460772,1.0368368816246951,0.22207817926945256,0.2521801903024054,21,1,0.5,String[],4,100.0,2
MacJuv,0.7321581244822944,0.23178139629010105,0.6785223093225579,0.11656877803122878,0.6920452660474926,21,2,0.5,"[""StrPur""]",4,100.0,2
MacPyr,2.0847038065064574,0.9896350039813105,1.0457121388272737,0.22261962281161854,0.24510724743167545,21,2,0.5,"[""StrPur""]",4,100.0,2
MacJuv,0.7726377467328026,0.24426093622980286,0.700425582258316,0.11875221060066662,0.6526552376486237,21,3,0.5,"[""PycHel""]",4,100.0,2
MacPyr,1.8704911347987998,0.8601306372889707,0.9910386761104966,0.21075263666819855,0.32130931917044975,21,3,0.5,"[""PycHel""]",4,100.0,2
MacJuv,0.7642112261334904,0.24856198850667965,0.6765303391055455,0.12379780418150108,0.697705741267131,21,4,0.5,"[""StrPur"", ""PycHel""]",4,100.0,2
MacPyr,2.0559979328513167,0.9780676371086164,1.0171918883685485,0.22597771959736904,0.10628313531061262,21,4,0.5,"[""StrPur"", ""PycHel""]",4,100.0,2
MacJuv,0.8284545116519089,0.2631833597853866,0.711076045229481,0.1270482919115228,0.661640038280138,21,1,0.05,String[],1,100.0,2
MacPyr,2.453831415747818,1.1787319698442391,1.104961231162721,0.24828331532497122,-0.031932751480107914,21,1,0.05,String[],1,100.0,2
MacJuv,1.0932504813957995,0.31730222919105994,0.8043440517192062,0.14937890210128915,0.41485892657319345,21,2,0.05,"[""StrPur""]",1,500.0,3
MacPyr,1.6333943059315104,0.5997701120696933,0.9658681115441811,0.1871487506014384,0.3277464033688289,21,2,0.05,"[""StrPur""]",1,500.0,3
MacJuv,1.1899941478119302,0.3567954133167397,0.838602301165392,0.15600325770509396,0.23652682075662496,21,3,0.05,"[""PycHel""]",1,500.0,3
MacPyr,1.6596809050716375,0.6265379659801478,0.9682552944607083,0.1900213921931481,0.16937610618741233,21,3,0.05,"[""PycHel""]",1,500.0,3
MacJuv,1.1848426899945088,0.3693729007549754,0.8152545438395924,0.16127658211026905,0.2365019709557864,21,4,0.05,"[""StrPur"", ""PycHel""]",1,500.0,3
MacPyr,1.8055911554813577,0.6020227941808751,1.0206754185830667,0.19542426223241063,0.05543754791926542,21,4,0.05,"[""StrPur"", ""PycHel""]",1,500.0,3
MacJuv,0.7124978446880951,0.1861643639199739,0.6627706577503606,0.11688303981186696,0.659345494769517,21,1,0.1,String[],2,500.0,3
MacPyr,2.632703575407939,1.4709499830212514,1.1009239883873825,0.2665211011534694,-0.18032013166368052,21,1,0.1,String[],2,500.0,3
MacJuv,0.6977534270659943,0.17736503472611087,0.6738106864689962,0.11039306723390162,0.6774104738722911,21,2,0.1,"[""StrPur""]",2,500.0,3
MacPyr,2.8573957269784995,1.4713982176875282,1.1537409605056308,0.27624966271744517,-0.3093556515766566,21,2,0.1,"[""StrPur""]",2,500.0,3
MacJuv,0.6718666702335483,0.1744639761515814,0.6508357462566293,0.11141801955431732,0.6858550453868352,21,3,0.1,"[""PycHel""]",2,500.0,3
MacPyr,2.5717427361186185,1.4612777427458943,1.0362555946960323,0.2736710688563728,-0.22799430170313806,21,3,0.1,"[""PycHel""]",2,500.0,3
MacJuv,0.6755656568180888,0.17393916919078092,0.654983338093364,0.11103208627197877,0.6835893279690797,21,4,0.1,"[""StrPur"", ""PycHel""]",2,500.0,3
MacPyr,2.7709657912222614,1.435721743938138,1.114444924376404,0.27649396935140663,-0.3702262297822865,21,4,0.1,"[""StrPur"", ""PycHel""]",2,500.0,3
MacJuv,0.8284545116519089,0.2631833597853866,0.711076045229481,0.1270482919115228,0.661640038280138,21,1,0.05,String[],1,100.0,2
MacPyr,2.453831415747818,1.1787319698442391,1.104961231162721,0.24828331532497122,-0.031932751480107914,21,1,0.05,String[],1,100.0,2
MacJuv,0.6893411569055871,0.21361289708827236,0.6589685707398567,0.1129383857868213,0.6852461322318559,21,2,0.2,"[""StrPur""]",3,500.0,3
MacPyr,2.4790755979810832,1.1987766065329353,1.1238374817762111,0.24658314140832782,-0.024479472781550594,21,2,0.2,"[""StrPur""]",3,500.0,3
MacJuv,0.7139439092210791,0.2205190864767917,0.6690286036765248,0.11540031123955406,0.6670947997101296,21,3,0.2,"[""PycHel""]",3,500.0,3
MacPyr,2.6101064891094183,1.3503561614722484,1.1300081901378265,0.2581848155228007,-0.12677492486805847,21,3,0.2,"[""PycHel""]",3,500.0,3
MacJuv,0.7020085718986495,0.22026925618568022,0.6531350567867729,0.11735057935408508,0.6852322430217208,21,4,0.2,"[""StrPur"", ""PycHel""]",3,500.0,3
MacPyr,2.6481806392083427,1.3577975012618093,1.1284145449461793,0.2621889827931611,-0.15958825899668477,21,4,0.2,"[""StrPur"", ""PycHel""]",3,500.0,3
MacJuv,1.2508729646160943,0.3852693236447553,0.8885297353918785,0.15188612081762645,0.18339998061247428,21,1,0.5,String[],4,500.0,3
MacPyr,2.3682909090051645,1.1618443900956925,1.088803671129701,0.24318691111361757,0.05531938664700552,21,1,0.5,String[],4,500.0,3
MacJuv,1.2508719526855578,0.38527441265195594,0.888534723696819,0.15188449517159008,0.18343942403936006,21,2,0.5,"[""StrPur""]",4,500.0,3
MacPyr,2.3683351864929576,1.1618875701786504,1.0888057700394178,0.24319099300979755,0.055302347568594756,21,2,0.5,"[""StrPur""]",4,500.0,3
MacJuv,1.250999704368045,0.3852463419488414,0.888644993194634,0.151873266317373,0.18318829861841335,21,3,0.5,"[""PycHel""]",4,500.0,3
MacPyr,2.3682011080088765,1.1619604769891156,1.0887516125724281,0.24318933304421625,0.05545450797532933,21,3,0.5,"[""PycHel""]",4,500.0,3
MacJuv,1.2508947781530484,0.38527715677380187,0.888545221844571,0.15188518145135665,0.1833973790878193,21,4,0.5,"[""StrPur"", ""PycHel""]",4,500.0,3
MacPyr,2.368253163201802,1.1618227800876004,1.0887937866037,0.24318524353411944,0.05533639715720261,21,4,0.5,"[""StrPur"", ""PycHel""]",4,500.0,3
MacJuv,0.8284545116519089,0.2631833597853866,0.711076045229481,0.1270482919115228,0.661640038280138,21,1,0.05,String[],1,100.0,2
MacPyr,2.453831415747818,1.1787319698442391,1.104961231162721,0.24828331532497122,-0.031932751480107914,21,1,0.05,String[],1,100.0,2
MacJuv,1.198086570063992,0.3570999909811893,0.8442528952260537,0.1557760602542024,0.20196309473020052,21,2,0.05,"[""StrPur""]",1,1000.0,4
MacPyr,1.6870195408565996,0.6170063148363306,0.9826329657746401,0.18992788044801828,0.07961055190334972,21,2,0.05,"[""StrPur""]",1,1000.0,4
MacJuv,1.195404290142644,0.35677496551863724,0.8425003951414448,0.15581998818013582,0.21069791746243205,21,3,0.05,"[""PycHel""]",1,1000.0,4
MacPyr,1.6790842689976988,0.6184151068319292,0.9785740619120615,0.18993118153039368,0.11697331073919173,21,3,0.05,"[""PycHel""]",1,1000.0,4
MacJuv,1.189361870201235,0.3578081229854316,0.8361677366339912,0.15655436538366205,0.24578013624063524,21,4,0.05,"[""StrPur"", ""PycHel""]",1,1000.0,4
MacPyr,1.6247259025565601,0.6083115969674853,0.9605864377871195,0.18734988632182473,0.2926117473111062,21,4,0.05,"[""StrPur"", ""PycHel""]",1,1000.0,4
MacJuv,0.671663403898627,0.18927730210844665,0.6356220500127594,0.11568232653180091,0.6829368712707963,21,1,0.1,String[],2,1000.0,4
MacPyr,2.8543130819863243,1.436502587251592,1.1570104824364495,0.2752852907002568,-0.3335988258022489,21,1,0.1,String[],2,1000.0,4
MacJuv,0.6731433885858558,0.1894286356983824,0.6364077271844553,0.11578613763438433,0.6820437223639428,21,2,0.1,"[""StrPur""]",2,1000.0,4
MacPyr,2.848797344649578,1.4239970043094954,1.15772858676224,0.27463265137662385,-0.33341186719876564,21,2,0.1,"[""StrPur""]",2,1000.0,4
MacJuv,0.6694825900947627,0.18944576337126132,0.6347935085854272,0.11543825006308912,0.6833196796223084,21,3,0.1,"[""PycHel""]",2,1000.0,4
MacPyr,2.7601754530371796,1.4261070546895955,1.1289599160869308,0.2725458641133791,-0.32918975820579344,21,3,0.1,"[""PycHel""]",2,1000.0,4
MacJuv,0.6700832186230005,0.18920051412327873,0.6354280341585634,0.11539376760215087,0.6830625518143346,21,4,0.1,"[""StrPur"", ""PycHel""]",2,1000.0,4
MacPyr,2.785957015613782,1.4242662294809132,1.1345017298390374,0.2737574510954921,-0.3368553090000848,21,4,0.1,"[""StrPur"", ""PycHel""]",2,1000.0,4
MacJuv,0.8284545116519089,0.2631833597853866,0.711076045229481,0.1270482919115228,0.661640038280138,21,1,0.05,String[],1,100.0,2
MacPyr,2.453831415747818,1.1787319698442391,1.104961231162721,0.24828331532497122,-0.031932751480107914,21,1,0.05,String[],1,100.0,2
MacJuv,0.8297073207540403,0.26373620541296605,0.7111888705579877,0.12726305653026213,0.6604748197295552,21,2,0.2,"[""StrPur""]",3,1000.0,4
MacPyr,2.454141821634908,1.1783285703739994,1.1053479109717936,0.24822850534791524,-0.03168953065826851,21,2,0.2,"[""StrPur""]",3,1000.0,4
MacJuv,0.8301239260903446,0.26331328778268187,0.7126853387343917,0.1269258708938784,0.6604221262021145,21,3,0.2,"[""PycHel""]",3,1000.0,4
MacPyr,2.4530744401723963,1.1793797384982105,1.1043167406741141,0.2483504556508099,-0.031890522582174015,21,3,0.2,"[""PycHel""]",3,1000.0,4
MacJuv,0.830295026926146,0.263972333449372,0.7112538282672782,0.1273603193112531,0.6605527611152158,21,4,0.2,"[""StrPur"", ""PycHel""]",3,1000.0,4
MacPyr,2.450500757506824,1.17510929115389,1.1047683232916425,0.24799069633337018,-0.03036511260218707,21,4,0.2,"[""StrPur"", ""PycHel""]",3,1000.0,4
MacJuv,1.250854167412894,0.38526526085164625,0.8885173372593277,0.15188665326527015,0.18341299198017097,21,1,0.5,String[],4,1000.0,4
MacPyr,2.3683289969221413,1.161859340529234,1.088825676985414,0.24318590029639833,0.05531001526635676,21,1,0.5,String[],4,1000.0,4
MacJuv,1.2508271492401233,0.3852718396160975,0.8885021969516532,0.15188663457529913,0.18349262671308422,21,2,0.5,"[""StrPur""]",4,1000.0,4
MacPyr,2.3684426929878657,1.1618924521116178,1.0888560305860393,0.24319079316909592,0.05526750574772752,21,2,0.5,"[""StrPur""]",4,1000.0,4
MacJuv,1.2508797557863205,0.38526459340816477,0.8885452090582291,0.15188271251956037,0.1834020282769154,21,3,0.5,"[""PycHel""]",4,1000.0,4
MacPyr,2.3683826492561457,1.161894593881063,1.0888346632892045,0.243189404094425,0.055307728684822,21,3,0.5,"[""PycHel""]",4,1000.0,4
MacJuv,1.250875890142388,0.38526627600523355,0.8885371385508639,0.15188443691804487,0.18339675929736632,21,4,0.5,"[""StrPur"", ""PycHel""]",4,1000.0,4
MacPyr,2.3683572813074734,1.1618867116944633,1.088830280929746,0.24318777730777552,0.05532969214907221,21,4,0.5,"[""StrPur"", ""PycHel""]",4,1000.0,4
