series,time,juv_f,adult_f,juv,adult,sim
1,1,0.31160257587044315,0.42814430041100215,-1.28534570659737,-1.03002692733709,1
2,1,-1.6392655679687305,-0.6507397077972141,-0.753044290768257,0.126279374293161,1
3,1,0.219438309985144,0.44099702529528734,-0.411580972359574,0.237657733094583,1
4,1,0.385844453535616,0.289797088244285,-1.28534570659737,0.183826237575128,1
5,1,-0.8532628102146731,-0.4802383413945601,-1.28534570659737,0.237657733094583,1
6,1,-2.134544966367661,-1.793279621091127,-0.350373814296942,-0.918648568535666,1
1,1,0.22131276358901295,0.3365110802559853,0.536159141595623,0.237657733094583,2
1,2,0.15680744144950373,0.2569905831268161,-1.28534570659737,-1.03002692733709,2
2,1,3.366148156352093,2.674664744781104,-1.28534570659737,0.593054166306864,2
2,2,4.990493177684586,4.096561544098351,-0.753044290768257,0.126279374293161,2
3,1,3.0939856662089813,2.3376835096762156,0.618448275560071,0.15554899795196,2
3,2,4.694216461160889,3.7625642750163673,-0.411580972359574,0.237657733094583,2
4,1,0.039970709978965485,0.2540764761621878,0.0224988127852531,0.211176185625796,2
4,2,0.18680568089969285,0.1970759596725652,-1.28534570659737,0.183826237575128,2
5,1,0.18133607357142542,0.6681273928939934,-0.753044290768257,0.33590040808072,2
5,2,-0.23341466962487897,0.09573015647924744,-1.28534570659737,0.237657733094583,2
6,1,0.1402865778155254,0.30206638369533567,-1.28534570659737,-0.820405893549528,2
6,2,0.13855029740757027,0.2990511573872186,-0.350373814296942,-0.918648568535666,2
1,1,-0.23283875095318135,0.0841794577929888,0.618448275560071,0.33590040808072,3
1,2,0.4577813153173457,0.2772340613716507,0.536159141595623,0.237657733094583,3
1,3,0.31021190714387764,0.4382102995465426,-1.28534570659737,-1.03002692733709,3
2,1,-1.7688083854293208,-0.09606722272312314,2.62143279142576,1.04263043800892,3
2,2,-3.012761261506141,-1.4448795874049474,-1.28534570659737,0.593054166306864,3
2,3,-4.379420238434275,-2.7931206729540676,-0.753044290768257,0.126279374293161,3
3,1,-0.15512386265868655,0.28059094471469126,2.26820463429095,0.358753856381792,3
3,2,0.3496818875508194,0.3064511069036279,0.618448275560071,0.15554899795196,3
3,3,0.32319948386316216,0.4816387847468472,-0.411580972359574,0.237657733094583,3
4,1,1.7559202799763167,1.4510294467061888,0.548652756438605,0.484104044107036,3
4,2,1.571801785534651,1.668646210602645,0.0224988127852531,0.211176185625796,3
4,3,0.22390474158643764,0.9051978008488096,-1.28534570659737,0.183826237575128,3
5,1,1.2363680481256552,1.5389974554034136,1.07847685209768,0.878554640536505,3
5,2,-0.21789570771648056,0.6485294148780402,-0.753044290768257,0.33590040808072,3
5,3,-0.585362864873627,-0.059183629752402184,-1.28534570659737,0.237657733094583,3
6,1,1.244769670692073,1.1456061937352353,-0.0773342771834238,0.0959451701662267,3
6,2,0.4356358233699267,0.9329455577628898,-1.28534570659737,-0.820405893549528,3
6,3,-0.34148533694920485,0.1859726117479624,-0.350373814296942,-0.918648568535666,3
1,1,0.511598237065119,0.6185881571026048,-0.197958358611432,0.689403313388867,4
1,2,0.03780134728949016,0.27789759438221584,0.618448275560071,0.33590040808072,4
1,3,0.2270623047661582,0.263518880407726,0.536159141595623,0.237657733094583,4
1,4,0.28281831581809513,0.35828627051058787,-1.28534570659737,-1.03002692733709,4
2,1,2.374704009123079,2.0609832487229904,-0.882675230126054,1.41963063470958,4
2,2,3.639507388266,3.3644448023019784,2.62143279142576,1.04263043800892,4
2,3,5.182122497113998,4.766526217639773,-1.28534570659737,0.593054166306864,4
2,4,6.823304900872993,6.200825091726623,-0.753044290768257,0.126279374293161,4
3,1,2.9153613767513846,2.3064266452475186,0.618448275560071,0.733702148767084,4
3,2,4.391301397545883,3.7333235430284812,2.26820463429095,0.358753856381792,4
3,3,6.007800002502382,5.1688700111754065,0.618448275560071,0.15554899795196,4
3,4,7.669116763107208,6.608789615700468,-0.411580972359574,0.237657733094583,4
4,1,0.5565624823874225,0.043447515837431,1.08832337086541,-0.289928500472415,4
4,2,0.5290818644180515,0.6055462641306437,0.548652756438605,0.484104044107036,4
4,3,0.000834339964792163,0.22607052590907198,0.0224988127852531,0.211176185625796,4
4,4,0.19814642417605485,0.18564499172365131,-1.28534570659737,0.183826237575128,4
5,1,1.4417102589978639,1.3584262353024934,1.54901915666395,1.55360622965108,4
5,2,1.5836161386356191,1.8047297649316028,1.07847685209768,0.878554640536505,4
5,3,1.4657691112608293,1.827241895114143,-0.753044290768257,0.33590040808072,4
5,4,0.8181476896829376,1.352763665435064,-1.28534570659737,0.237657733094583,4
6,1,0.7689495209320967,0.5306269001161515,0.247763713962973,-0.394326913239996,4
6,2,0.354794463892245,0.682049577300295,-0.0773342771834238,0.0959451701662267,4
6,3,0.014891122929579505,0.286704307092164,-1.28534570659737,-0.820405893549528,4
6,4,0.29996877932921007,0.3887338820145248,-0.350373814296942,-0.918648568535666,4
1,1,0.295769018537649,-0.30383581775776,0.325336199287891,0.183826237575128,5
1,2,1.0718271509727368,1.0129582368181203,-0.197958358611432,0.689403313388867,5
1,3,0.005298800197759397,0.5486538179511699,0.618448275560071,0.33590040808072,5
1,4,-0.16232055567638703,0.07795156526700983,0.536159141595623,0.237657733094583,5
1,5,0.45429307670469604,0.35550593351403825,-1.28534570659737,-1.03002692733709,5
2,1,-0.6046343578830498,-0.5886742843687616,2.18205975144069,0.841477483894459,5
2,2,0.12643752720526125,-0.22988097780109445,-0.882675230126054,1.41963063470958,5
2,3,0.8363556865634258,0.8502843009761984,2.62143279142576,1.04263043800892,5
2,4,-0.005611236775931993,0.4240289322678373,-1.28534570659737,0.593054166306864,5
2,5,0.17105183379039773,0.2615324427791517,-0.753044290768257,0.126279374293161,5
3,1,0.547040195107694,0.7007234375287568,2.15155769612041,0.423781475489621,5
3,2,0.08483401971600446,0.3696769217420685,0.618448275560071,0.733702148767084,5
3,3,0.3206342057097335,0.41163964987958995,2.26820463429095,0.358753856381792,5
3,4,0.2990541703902687,0.46966937405260195,0.618448275560071,0.15554899795196,5
3,5,0.2594017048645505,0.4243476449999569,-0.411580972359574,0.237657733094583,5
4,1,0.3539504290381061,0.21422704985176907,-0.480004753654739,-1.03002692733709,5
4,2,0.3493690867878844,0.41817152204468877,1.08832337086541,-0.289928500472415,5
4,3,0.198605162455092,0.2866612899453869,0.548652756438605,0.484104044107036,5
4,4,0.2994978214448136,0.3183432349870697,0.0224988127852531,0.211176185625796,5
4,5,0.28201079482866975,0.3347802728912578,-1.28534570659737,0.183826237575128,5
5,1,-1.610835047614957,-1.0183776748556355,1.24931222956505,0.0317520670695359,5
5,2,-2.6254488453048888,-2.26100489640573,1.54901915666395,1.55360622965108,5
5,3,-3.7724139048699863,-3.542891405521758,1.07847685209768,0.878554640536505,5
5,4,-4.973049981009869,-4.838069264343463,-0.753044290768257,0.33590040808072,5
5,5,-6.201755281399888,-6.1409726850844155,-1.28534570659737,0.237657733094583,5
6,1,0.6240530521897129,0.35426550043704974,-0.411580972359574,-0.513687138536336,5
6,2,0.4226591718313641,0.7108392324162007,0.247763713962973,-0.394326913239996,5
6,3,0.07114586618898387,0.3412837392456065,-0.0773342771834238,0.0959451701662267,5
6,4,0.36341256169895975,0.46356812315063955,-1.28534570659737,-0.820405893549528,5
6,5,0.2781565323328896,0.48158632824302827,-0.350373814296942,-0.918648568535666,5
1,1,-1.5803513094801256,-1.8155184715859405,-0.647128101242814,-1.15860380645016,6
1,2,-2.4399043851419764,-2.881330769777662,0.325336199287891,0.183826237575128,6
1,3,-3.488697802071584,-4.066612168772614,-0.197958358611432,0.689403313388867,6
1,4,-4.663974522456784,-5.346981585865966,0.618448275560071,0.33590040808072,6
1,5,-5.906119784975425,-6.677887123661871,0.536159141595623,0.237657733094583,6
1,6,-7.178215782868568,-8.029707362996978,-1.28534570659737,-1.03002692733709,6
2,1,0.3327911225240842,0.3494000411652615,-0.882675230126054,-0.03779642317925,6
2,2,0.23433414900571956,0.4010520735022844,2.18205975144069,0.841477483894459,6
2,3,0.19048776292038314,0.3406284147334126,-0.882675230126054,1.41963063470958,6
2,4,0.23017351877578995,0.3575815013219741,2.62143279142576,1.04263043800892,6
2,5,0.22215294177812492,0.3622030351538386,-1.28534570659737,0.593054166306864,6
2,6,0.2180207926124572,0.3569843903849074,-0.753044290768257,0.126279374293161,6
3,1,0.3611740863668915,0.55073829418642,0.226636632994981,-0.340495417720542,6
3,2,0.10684349903740449,0.34266438312014524,2.15155769612041,0.423781475489621,6
3,3,0.23032682230864504,0.36072235011736975,0.618448275560071,0.733702148767084,6
3,4,0.22967992320357083,0.39434640209828553,2.26820463429095,0.358753856381792,6
3,5,0.20685547445881305,0.37591888634291115,0.618448275560071,0.15554899795196,6
3,6,0.21765465913758253,0.3780929681343118,-0.411580972359574,0.237657733094583,6
4,1,0.28337813870011297,0.3011192484824488,-0.411580972359574,-0.00229750481991066,6
4,2,0.2307361741747755,0.27228700777492404,-0.480004753654739,-1.03002692733709,6
4,3,0.2447435617981447,0.2675499461815895,1.08832337086541,-0.289928500472415,6
4,4,0.25154241115169157,0.2747174160981126,0.548652756438605,0.484104044107036,6
4,5,0.24684026508219112,0.27367946829362405,0.0224988127852531,0.211176185625796,6
4,6,0.24681181373900762,0.2725392047036628,-1.28534570659737,0.183826237575128,6
5,1,0.10986751164230175,0.3197931085489469,-1.28534570659737,0.0317520670695359,6
5,2,0.24908904004469423,0.37905883134331547,1.24931222956505,0.0317520670695359,6
5,3,0.21983042148877624,0.39455367684688264,1.54901915666395,1.55360622965108,6
5,4,0.2070447595882423,0.3762229816527272,1.07847685209768,0.878554640536505,6
5,5,0.21867548095173422,0.3818320857261402,-0.753044290768257,0.33590040808072,6
5,6,0.21578665347390397,0.38275116973531653,-1.28534570659737,0.237657733094583,6
6,1,0.4425506474644105,0.45694308242579607,-0.557577238979657,-0.289928500472415,6
6,2,0.1898360267330262,0.45104273774286946,-0.411580972359574,-0.513687138536336,6
6,3,0.17216736376864786,0.36159639224993323,0.247763713962973,-0.394326913239996,6
6,4,0.23429720943234408,0.40560011697179943,-0.0773342771834238,0.0959451701662267,6
6,5,0.20917472693366107,0.4022654327356033,-1.28534570659737,-0.820405893549528,6
6,6,0.20966504449908344,0.3955527320406275,-0.350373814296942,-0.918648568535666,6
1,1,0.8962805826947876,0.7794012126650096,-1.28534570659737,-0.820405893549528,7
1,2,0.0007700122686890501,0.4542652181084339,-0.647128101242814,-1.15860380645016,7
1,3,-0.025310737772658472,0.14148427421901175,0.325336199287891,0.183826237575128,7
1,4,0.3213102188751209,0.32299171585351527,-0.197958358611432,0.689403313388867,7
1,5,0.19627715371550677,0.3238019062778328,0.618448275560071,0.33590040808072,7
1,6,0.19777423937295951,0.290949979994918,0.536159141595623,0.237657733094583,7
1,7,0.22070470947703694,0.3087486172033521,-1.28534570659737,-1.03002692733709,7
2,1,0.16519520305528887,0.3334225832951102,-0.295005204872071,-0.00229750481991066,7
2,2,0.1844521452697198,0.3117033211020064,-0.882675230126054,-0.03779642317925,7
2,3,0.19717588162364527,0.3285086155870546,2.18205975144069,0.841477483894459,7
2,4,0.18651826902803692,0.32270943233323424,-0.882675230126054,1.41963063470958,7
2,5,0.1905160168234082,0.32311067290632095,2.62143279142576,1.04263043800892,7
2,6,0.19008486134607003,0.3239127075275721,-1.28534570659737,0.593054166306864,7
2,7,0.18962328150497085,0.3233720913068582,-0.753044290768257,0.126279374293161,7
3,1,0.41845667780099743,0.5505418585538132,0.30689240576723,-0.113675863621332,7
3,2,0.0321776716583361,0.29206859876855407,0.226636632994981,-0.340495417720542,7
3,3,0.2101299580946596,0.3183561918902212,2.15155769612041,0.423781475489621,7
3,4,0.18468812822279454,0.3502800164427789,0.618448275560071,0.733702148767084,7
3,5,0.1690091288537029,0.32680451389167253,2.26820463429095,0.358753856381792,7
3,6,0.18357730214772708,0.3356801244928857,0.618448275560071,0.15554899795196,7
3,7,0.17751646213545624,0.3344648652101542,-0.411580972359574,0.237657733094583,7
4,1,0.014289721192719939,0.21769808097158255,0.425169289256568,0.211176185625796,7
4,2,0.2616000812657489,0.23800667161195882,-0.411580972359574,-0.00229750481991066,7
4,3,0.27422911703635966,0.3091682321491752,-0.480004753654739,-1.03002692733709,7
4,4,0.22393952615155077,0.2780201032791853,1.08832337086541,-0.289928500472415,7
4,5,0.24477475260456727,0.2792857011445262,0.548652756438605,0.484104044107036,7
4,6,0.24517157687704338,0.2845006715661539,0.0224988127852531,0.211176185625796,7
4,7,0.2412052073469859,0.28204122336941834,-1.28534570659737,0.183826237575128,7
5,1,0.009304460044308797,0.29429663615484264,0.343212400482484,0.642619163093913,7
5,2,0.20809386656669066,0.31227849247979383,-1.28534570659737,0.0317520670695359,7
5,3,0.18720729401643577,0.3552155268704914,1.24931222956505,0.0317520670695359,7
5,4,0.16541405806676657,0.32691588846984615,1.54901915666395,1.55360622965108,7
5,5,0.1831344106757794,0.33691552257020563,1.07847685209768,0.878554640536505,7
5,6,0.17620699411373364,0.33585143919390026,-0.753044290768257,0.33590040808072,7
5,7,0.17730884300873184,0.33471261657528695,-1.28534570659737,0.237657733094583,7
6,1,0.4106854774080335,0.5311323655824651,-0.411580972359574,0.0317520670695359,7
6,2,0.043037960698157365,0.3148738655574512,-0.557577238979657,-0.289928500472415,7
6,3,0.19357053072397506,0.32793393988721636,-0.411580972359574,-0.513687138536336,7
6,4,0.1748673886444446,0.358743702097033,0.247763713962973,-0.394326913239996,7
6,5,0.16028471028858668,0.3373588584853065,-0.0773342771834238,0.0959451701662267,7
6,6,0.17323066424374078,0.3455538115110062,-1.28534570659737,-0.820405893549528,7
6,7,0.1676563531126229,0.34420099898455453,-0.350373814296942,-0.918648568535666,7
1,1,0.3893542091678472,-0.4427341007232965,-0.0773342771834238,-0.340495417720542,8
1,2,1.4521450969928522,1.1561375485365855,-1.28534570659737,-0.820405893549528,8
1,3,1.7730169957655404,1.8005986670783325,-0.647128101242814,-1.15860380645016,8
1,4,2.197085151593418,2.28199859833745,0.325336199287891,0.183826237575128,8
1,5,3.085434293108733,3.0928173706531497,-0.197958358611432,0.689403313388867,8
1,6,4.467374594964966,4.313072805340153,0.618448275560071,0.33590040808072,8
1,7,6.050567793859854,5.680978598573886,0.536159141595623,0.237657733094583,8
1,8,7.685149204648921,7.074641291213441,-1.28534570659737,-1.03002692733709,8
2,1,0.41607536441450416,0.5897890903023169,0.268149338927929,0.211176185625796,8
2,2,-0.02266959113803336,0.248870194101033,-0.295005204872071,-0.00229750481991066,8
2,3,0.2138092090454729,0.2924498507460921,-0.882675230126054,-0.03779642317925,8
2,4,0.1797346795518607,0.3323087182567388,2.18205975144069,0.841477483894459,8
2,5,0.1591598025934661,0.3032823667207799,-0.882675230126054,1.41963063470958,8
2,6,0.17753631122298758,0.3134753305652577,2.62143279142576,1.04263043800892,8
2,7,0.1706143493456031,0.3126432875545134,-1.28534570659737,0.593054166306864,8
2,8,0.17144531764934476,0.3113682225633753,-0.753044290768257,0.126279374293161,8
3,1,0.38677208452553596,0.46855446682465157,0.0224988127852531,-0.154371675325503,8
3,2,0.05337785160722307,0.3063116648475115,0.30689240576723,-0.113675863621332,8
3,3,0.16644855468185565,0.3008571228459966,0.226636632994981,-0.340495417720542,8
3,4,0.16345478611190262,0.3324938921367179,2.15155769612041,0.423781475489621,8
3,5,0.1463485367784304,0.31493352205455877,0.618448275560071,0.733702148767084,8
3,6,0.15743474734441046,0.3201561163000592,2.26820463429095,0.358753856381792,8
3,7,0.1537293541119114,0.3200538891704092,0.618448275560071,0.15554899795196,8
3,8,0.1540470093434551,0.3192072558519258,-0.411580972359574,0.237657733094583,8
4,1,0.9819312062477211,0.845137484307533,0.226636632994981,0.503279570993828,8
4,2,-0.03527050804367431,0.41928849880888897,0.425169289256568,0.211176185625796,8
4,3,-0.03979953652956012,0.11967902261686532,-0.411580972359574,-0.00229750481991066,8
4,4,0.35082957663786674,0.2689482164487618,-0.480004753654739,-1.03002692733709,8
4,5,0.2624761329069475,0.31430831586742414,1.08832337086541,-0.289928500472415,8
4,6,0.22958801506587173,0.27108628289948383,0.548652756438605,0.484104044107036,8
4,7,0.2607358287414379,0.2829357308090418,0.0224988127852531,0.211176185625796,8
4,8,0.2536356023311598,0.2855554345473647,-1.28534570659737,0.183826237575128,8
5,1,0.07563383286171599,0.5119762762071012,0.584598078003485,0.464477287193792,8
5,2,-0.0241350753692973,0.18385700641499222,0.343212400482484,0.642619163093913,8
5,3,0.24197414686676755,0.35172995394035006,-1.28534570659737,0.0317520670695359,8
5,4,0.12806898612509998,0.3258428029091229,1.24931222956505,0.0317520670695359,8
5,5,0.15075315652307078,0.3115612091427633,1.54901915666395,1.55360622965108,8
5,6,0.15735773884554302,0.3248477674497,1.07847685209768,0.878554640536505,8
5,7,0.149517317133718,0.31933067822087774,-0.753044290768257,0.33590040808072,8
5,8,0.15316109151474602,0.32038169251025816,-1.28534570659737,0.237657733094583,8
6,1,0.2818773600313326,0.29893254842536016,-0.0421155732236146,-0.113675863621332,8
6,2,0.13891172261303758,0.3789106387271476,-0.411580972359574,0.0317520670695359,8
6,3,0.10860720824436161,0.29823805096297323,-0.557577238979657,-0.289928500472415,8
6,4,0.15654968394189828,0.33508540778906737,-0.411580972359574,-0.513687138536336,8
6,5,0.13264756904532662,0.3264878654263478,0.247763713962973,-0.394326913239996,8
6,6,0.13935484430580503,0.32539720963241203,-0.0773342771834238,0.0959451701662267,8
6,7,0.13935438454429214,0.3276002018191595,-1.28534570659737,-0.820405893549528,8
6,8,0.1381758515049847,0.3264049430675949,-0.350373814296942,-0.918648568535666,8
1,1,1.4883134493381565,0.6429501050943126,-0.882675230126054,-1.73675695726528,9
1,2,2.4084120974252734,2.088403696190813,-0.0773342771834238,-0.340495417720542,9
1,3,3.689752661451132,3.4102256021991093,-1.28534570659737,-0.820405893549528,9
1,4,5.246536858445724,4.841990499075234,-0.647128101242814,-1.15860380645016,9
1,5,6.894342169504494,6.311309772362694,0.325336199287891,0.183826237575128,9
1,6,8.56680145184736,7.787833001022362,-0.197958358611432,0.689403313388867,9
1,7,10.246406976320412,9.265873697556499,0.618448275560071,0.33590040808072,9
1,8,11.928230158807267,10.744317288475672,0.536159141595623,0.237657733094583,9
1,9,13.61076419259935,12.222883658110007,-1.28534570659737,-1.03002692733709,9
2,1,-0.7113461701585397,-0.5401267848439165,0.510335748070559,-0.00229750481991066,9
2,2,-0.4540902524303059,-0.7059415929940812,0.268149338927929,0.211176185625796,9
2,3,0.7317341947473018,0.4155377930384542,-0.295005204872071,-0.00229750481991066,9
2,4,0.36134170285933437,0.658367279088767,-0.882675230126054,-0.03779642317925,9
2,5,-0.05240723718677645,0.24453390652821136,2.18205975144069,0.841477483894459,9
2,6,0.2148870467093583,0.29030134069043145,-0.882675230126054,1.41963063470958,9
2,7,0.21429599187391016,0.37084405160740236,2.62143279142576,1.04263043800892,9
2,8,0.16081296138781367,0.32647267292476767,-1.28534570659737,0.593054166306864,9
2,9,0.18689614869432483,0.33174258271790436,-0.753044290768257,0.126279374293161,9
3,1,-0.8833469428208196,-0.4654170075274856,0.0224988127852531,-0.00229750481991066,9
3,2,-1.2246459287860274,-1.2785256396654645,0.0224988127852531,-0.154371675325503,9
3,3,-1.7915972586338542,-2.1439986005855975,0.30689240576723,-0.113675863621332,9
3,4,-2.54621932510566,-3.1036229149107277,0.226636632994981,-0.340495417720542,9
3,5,-3.4747288612445573,-4.212761856116488,2.15155769612041,0.423781475489621,9
3,6,-4.540634992887943,-5.461996940649134,0.618448275560071,0.733702148767084,9
3,7,-5.693369197238849,-6.8037392180401035,2.26820463429095,0.358753856381792,9
3,8,-6.893082316844312,-8.195307520189175,0.618448275560071,0.15554899795196,9
3,9,-8.116039439398815,-9.610863062176508,-0.411580972359574,0.237657733094583,9
4,1,0.9198623849288403,0.6707344235833957,0.343212400482484,-0.513687138536336,9
4,2,0.15193789624694243,0.49841354201544735,0.226636632994981,0.503279570993828,9
4,3,-0.025058151507933647,0.1664586492952252,0.425169289256568,0.211176185625796,9
4,4,0.2724538163585288,0.24105993893872601,-0.411580972359574,-0.00229750481991066,9
4,5,0.27339434373225135,0.32737985947324727,-0.480004753654739,-1.03002692733709,9
4,6,0.20907177981222286,0.2857982080712917,1.08832337086541,-0.289928500472415,9
4,7,0.231347747973542,0.28291703526355233,0.548652756438605,0.484104044107036,9
4,8,0.23768041105327975,0.2924520994248876,0.0224988127852531,0.211176185625796,9
4,9,0.23112390547511355,0.29002534049736856,-1.28534570659737,0.183826237575128,9
5,1,0.466033873757524,0.5803364835962098,0.913006224541875,0.575855645995213,9
5,2,0.04414847389261326,0.3448976076640306,0.584598078003485,0.464477287193792,9
5,3,0.15918962782991913,0.30101913943635644,0.343212400482484,0.642619163093913,9
5,4,0.20247124943078063,0.3706354091977373,-1.28534570659737,0.0317520670695359,9
5,5,0.15977090764107094,0.34656142360869047,1.24931222956505,0.0317520670695359,9
5,6,0.17282143790174792,0.34489979784618546,1.54901915666395,1.55360622965108,9
5,7,0.17486001171706547,0.35049993477137936,1.07847685209768,0.878554640536505,9
5,8,0.1712726121604526,0.3480548820510646,-0.753044290768257,0.33590040808072,9
5,9,0.17265471177755548,0.34816189190707686,-1.28534570659737,0.237657733094583,9
6,1,-0.03166614027521909,0.2198843194043718,-0.411580972359574,0.0959451701662267,9
6,2,0.2443887414665413,0.36655062490086704,-0.0421155732236146,-0.113675863621332,9
6,3,0.1640114230668943,0.38185932355033564,-0.411580972359574,0.0317520670695359,9
6,4,0.14972315337970993,0.3443574034185194,-0.557577238979657,-0.289928500472415,9
6,5,0.17362418203098523,0.3608514371635536,-0.411580972359574,-0.513687138536336,9
6,6,0.1642518521042185,0.3598422045794802,0.247763713962973,-0.394326913239996,9
6,7,0.16437785499535837,0.35709233252487194,-0.0773342771834238,0.0959451701662267,9
6,8,0.16617509079347056,0.3587165865673145,-1.28534570659737,-0.820405893549528,9
6,9,0.16522122687409613,0.3584221836414997,-0.350373814296942,-0.918648568535666,9
1,1,0.3816757751418578,0.6677636776195905,-0.0773342771834238,-2.07495487016591,10
1,2,-0.05209292562272169,0.23083823097186784,-0.882675230126054,-1.73675695726528,10
1,3,0.4245717533746698,0.364976313512643,-0.0773342771834238,-0.340495417720542,10
1,4,0.3112762298342779,0.42967123289248793,-1.28534570659737,-0.820405893549528,10
1,5,0.2683395763678063,0.3566265203859863,-0.647128101242814,-1.15860380645016,10
1,6,0.33271337940861834,0.39370739017421785,0.325336199287891,0.183826237575128,10
1,7,0.30061997542987096,0.3872169315546523,-0.197958358611432,0.689403313388867,10
1,8,0.30684474940175566,0.3823472219558167,0.618448275560071,0.33590040808072,10
1,9,0.31071701210028124,0.3874183836273505,0.536159141595623,0.237657733094583,10
1,10,0.3064655107197717,0.38513711146696655,-1.28534570659737,-1.03002692733709,10
2,1,0.0961060646460583,0.33793570928174893,-1.28534570659737,-0.154371675325503,10
2,2,0.41727961800666563,0.4582579398089079,0.510335748070559,-0.00229750481991066,10
2,3,0.3047500184475762,0.46741700326687646,0.268149338927929,0.211176185625796,10
2,4,0.3076341896417235,0.43087160174775274,-0.295005204872071,-0.00229750481991066,10
2,5,0.33580845582600777,0.4567766362510973,-0.882675230126054,-0.03779642317925,10
2,6,0.3146507173457851,0.4470210290657557,2.18205975144069,0.841477483894459,10
2,7,0.32345407021472444,0.4477751735438917,-0.882675230126054,1.41963063470958,10
2,8,0.3222507493103965,0.4496876047142868,2.62143279142576,1.04263043800892,10
2,9,0.3209236537991116,0.44806840710115453,-1.28534570659737,0.593054166306864,10
2,10,0.3222248999119855,0.4487966173351475,-0.753044290768257,0.126279374293161,10
3,1,-0.11072593241572894,0.4251945320712377,-1.28534570659737,0.288224650342709,10
3,2,0.27313259873818774,0.3197843447095884,0.0224988127852531,-0.00229750481991066,10
3,3,0.4327896420977131,0.5763535799057163,0.0224988127852531,-0.154371675325503,10
3,4,0.25041630800226866,0.44911643573988635,0.30689240576723,-0.113675863621332,10
3,5,0.36022961659559266,0.48429703660816464,0.226636632994981,-0.340495417720542,10
3,6,0.3248011046743805,0.489797058679618,2.15155769612041,0.423781475489621,10
3,7,0.3246703850089956,0.47674678890493044,0.618448275560071,0.733702148767084,10
3,8,0.3339611054927819,0.4855779524828685,2.26820463429095,0.358753856381792,10
3,9,0.32686906743873384,0.48208646674210004,0.618448275560071,0.15554899795196,10
3,10,0.3300176392364353,0.48255268259643,-0.411580972359574,0.237657733094583,10
4,1,0.3148918287205313,0.3597107979568704,0.0224988127852531,-0.918648568535666,10
4,2,0.23278452469286978,0.26993095600253897,0.343212400482484,-0.513687138536336,10
4,3,0.31688289265735636,0.3037905710827322,0.226636632994981,0.503279570993828,10
4,4,0.2883961524509956,0.3066677269281198,0.425169289256568,0.211176185625796,10
4,5,0.2849919821033517,0.2963589200187052,-0.411580972359574,-0.00229750481991066,10
4,6,0.29447954856340347,0.30210499609058533,-0.480004753654739,-1.03002692733709,10
4,7,0.28950264244932916,0.301179674454419,1.08832337086541,-0.289928500472415,10
4,8,0.2901888287426487,0.300295598453843,0.548652756438605,0.484104044107036,10
4,9,0.29102906126714634,0.3010803256861396,0.0224988127852531,0.211176185625796,10
4,10,0.29033385661283234,0.30081823341905933,-1.28534570659737,0.183826237575128,10
5,1,0.26827475856123506,0.42377010229223905,0.0522966621743731,-0.451873776521963,10
5,2,0.3789491545917969,0.5129509123815102,0.913006224541875,0.575855645995213,10
5,3,0.30672740936023163,0.4818763196013823,0.584598078003485,0.464477287193792,10
5,4,0.3356851681830005,0.48346316264726236,0.343212400482484,0.642619163093913,10
5,5,0.33171468508480595,0.49012861651538503,-1.28534570659737,0.0317520670695359,10
5,6,0.3275193058167768,0.4845883005155483,1.24931222956505,0.0317520670695359,10
5,7,0.3318157930679433,0.48721951345326137,1.54901915666395,1.55360622965108,10
5,8,0.3295472204258203,0.4865822802988161,1.07847685209768,0.878554640536505,10
5,9,0.3302213502279761,0.4864099637120447,-0.753044290768257,0.33590040808072,10
5,10,0.33027316788653666,0.48670567549040245,-1.28534570659737,0.237657733094583,10
6,1,0.17999840905831993,0.45673911061972056,0.158212851699816,0.815810883909706,10
6,2,0.3901416949604571,0.5096635661238756,-0.411580972359574,0.0959451701662267,10
6,3,0.3308441410218642,0.5296515216413087,-0.0421155732236146,-0.113675863621332,10
6,4,0.32563676554718773,0.5012084273387953,-0.411580972359574,0.0317520670695359,10
6,5,0.3456522854077527,0.5192524533783113,-0.557577238979657,-0.289928500472415,10
6,6,0.33130431420517714,0.5122352558917749,-0.411580972359574,-0.513687138536336,10
6,7,0.33770429543493014,0.513254424721137,0.247763713962973,-0.394326913239996,10
6,8,0.33625400091633645,0.5142232878118851,-0.0773342771834238,0.0959451701662267,10
6,9,0.3357872347928963,0.513193754522008,-1.28534570659737,-0.820405893549528,10
6,10,0.3365282646178452,0.5137687710970278,-0.350373814296942,-0.918648568535666,10
1,0,0.7540176262745668,0.6339233694881858,-0.557577238979657,-0.653026730636419,11
1,2,0.3177756822543774,0.281001067641488,-0.0773342771834238,-2.07495487016591,11
1,3,0.3795074588020723,0.423097833731279,-0.882675230126054,-1.73675695726528,11
1,4,0.27736929517228287,0.34734536999754334,-0.0773342771834238,-0.340495417720542,11
1,5,0.3513583993516846,0.3718511639323553,-1.28534570659737,-0.820405893549528,11
1,6,0.3206542434890343,0.3730540524051022,-0.647128101242814,-1.15860380645016,11
1,7,0.3254516260577692,0.3651521195521027,0.325336199287891,0.183826237575128,11
1,8,0.3302654353587808,0.37143003784428624,-0.197958358611432,0.689403313388867,11
1,9,0.3249709656229975,0.36847967764707795,0.618448275560071,0.33590040808072,11
1,10,0.3280177085445095,0.369157878269653,0.536159141595623,0.237657733094583,11
1,11,0.3269872608053123,0.36942818002542577,-1.28534570659737,-1.03002692733709,11
2,0,0.6074134665934671,0.4409795333690796,0.639966687428357,0.211176185625796,11
2,2,0.28993091926702597,0.3583323935445139,-1.28534570659737,-0.154371675325503,11
2,3,0.3716214969513509,0.4536067533780041,0.510335748070559,-0.00229750481991066,11
2,4,0.2974555521830875,0.409062835355177,0.268149338927929,0.211176185625796,11
2,5,0.3420165569249115,0.4218830333723573,-0.295005204872071,-0.00229750481991066,11
2,6,0.32402902701469866,0.4230393884486569,-0.882675230126054,-0.03779642317925,11
2,7,0.32745603785508864,0.41841883735335367,2.18205975144069,0.841477483894459,11
2,8,0.3295289728843193,0.4221926273542407,-0.882675230126054,1.41963063470958,11
2,9,0.32675289349280295,0.42016961362112065,2.62143279142576,1.04263043800892,11
2,10,0.3286252815582321,0.4208956975115435,-1.28534570659737,0.593054166306864,11
2,11,0.3277539837912024,0.42082355463342774,-0.753044290768257,0.126279374293161,11
3,0,0.7158934356554522,0.6300383757166339,0.607382594331199,-0.00229750481991066,11
3,2,0.3449895052500881,0.3876313957932642,-1.28534570659737,0.288224650342709,11
3,3,0.35295214811595843,0.49091615784768,0.0224988127852531,-0.00229750481991066,11
3,4,0.2972559556628218,0.42627791150383065,0.0224988127852531,-0.154371675325503,11
3,5,0.3493426844746258,0.457308939218242,0.30689240576723,-0.113675863621332,11
3,6,0.31886069970659575,0.44751542977907127,0.226636632994981,-0.340495417720542,11
3,7,0.33208735272078715,0.4476539830813853,2.15155769612041,0.423781475489621,11
3,8,0.3286746054245374,0.4502744229693281,0.618448275560071,0.733702148767084,11
3,9,0.3280748721857872,0.4478619584942089,2.26820463429095,0.358753856381792,11
3,10,0.3295854888378021,0.4493214151759408,0.618448275560071,0.15554899795196,11
3,11,0.32838364411389814,0.44867399544954234,-0.411580972359574,0.237657733094583,11
4,0,-0.04522026805685116,-0.16632268852978166,-0.244457624771499,0.33590040808072,11
4,2,0.11343678821354632,0.30899782247465907,0.0224988127852531,-0.918648568535666,11
4,3,0.30032027904975744,0.22590108019669067,0.343212400482484,-0.513687138536336,11
4,4,0.38621870550419424,0.34098558875741414,0.226636632994981,0.503279570993828,11
4,5,0.28684518066888304,0.29036814984102094,0.425169289256568,0.211176185625796,11
4,6,0.34120672843930183,0.2964349214242597,-0.411580972359574,-0.00229750481991066,11
4,7,0.3298918489266045,0.3063717945594612,-0.480004753654739,-1.03002692733709,11
4,8,0.32310357852667815,0.2973270440907135,1.08832337086541,-0.289928500472415,11
4,9,0.33153685738632194,0.30132545587226844,0.548652756438605,0.484104044107036,11
4,10,0.32719654777909674,0.3009209823651657,0.0224988127852531,0.211176185625796,11
4,11,0.3280462279692107,0.3000841123021219,-1.28534570659737,0.183826237575128,11
5,0,-0.16529792750749464,-0.08988197719140917,0.680750496528519,0.593054166306864,11
5,2,0.09983347687310118,0.47519101684711385,0.0522966621743731,-0.451873776521963,11
5,3,0.3214977474454589,0.3652147399611436,0.913006224541875,0.575855645995213,11
5,4,0.3706603895284549,0.5060725417000889,0.584598078003485,0.464477287193792,11
5,5,0.28574772788106045,0.4254882218268333,0.343212400482484,0.642619163093913,11
5,6,0.35455845041402057,0.4607938208641262,-1.28534570659737,0.0317520670695359,11
5,7,0.31743921871063896,0.45146476275602065,1.24931222956505,0.0317520670695359,11
5,8,0.33214302575144167,0.4499752695566093,1.54901915666395,1.55360622965108,11
5,9,0.32923670510460173,0.4539544158148548,1.07847685209768,0.878554640536505,11
5,10,0.32778175805371595,0.45076108832381434,-0.753044290768257,0.33590040808072,11
5,11,0.3299355415673215,0.4525592639062321,-1.28534570659737,0.237657733094583,11
6,0,0.7373923313415863,0.5986391974299939,0.080640366374898,0.237657733094583,11
6,2,0.3052052189721887,0.3899670859775935,0.158212851699816,0.815810883909706,11
6,3,0.37406556617304604,0.5241219934612691,-0.411580972359574,0.0959451701662267,11
6,4,0.29007614877809945,0.4507786649751444,-0.0421155732236146,-0.113675863621332,11
6,5,0.352751061534652,0.48217773762080984,-0.411580972359574,0.0317520670695359,11
6,6,0.3193307570650704,0.47364935128173324,-0.557577238979657,-0.289928500472415,11
6,7,0.33296709600691876,0.4726911089512476,-0.411580972359574,-0.513687138536336,11
6,8,0.32972491585719743,0.4759767663129252,0.247763713962973,-0.394326913239996,11
6,9,0.3289278064123721,0.4731989421241596,-0.0773342771834238,0.0959451701662267,11
6,10,0.33058904881798196,0.47486412712792253,-1.28534570659737,-0.820405893549528,11
6,11,0.32927006941828735,0.4740966900111,-0.350373814296942,-0.918648568535666,11
1,0,0.3695360391379527,0.2891571865160598,-0.114826685413702,-0.289928500472415,12
1,1,0.2710781932295706,0.37348469087701924,-0.557577238979657,-0.653026730636419,12
1,3,0.2626763729177306,0.32153853635143403,-0.0773342771834238,-2.07495487016591,12
1,4,0.2505548937741153,0.32480693987458825,-0.882675230126054,-1.73675695726528,12
1,5,0.24761183151298832,0.3193829335410216,-0.0773342771834238,-0.340495417720542,12
1,6,0.2512076854070063,0.32139480605887205,-1.28534570659737,-0.820405893549528,12
1,7,0.25002824883469354,0.32141144344143985,-0.647128101242814,-1.15860380645016,12
1,8,0.24994581994665024,0.32104308050392544,0.325336199287891,0.183826237575128,12
1,9,0.25019652560966127,0.32121554599863344,-0.197958358611432,0.689403313388867,12
1,10,0.25009197203626043,0.32119946549079337,0.618448275560071,0.33590040808072,12
1,11,0.25009682476221956,0.3211762169539529,0.536159141595623,0.237657733094583,12
1,12,0.25011324861345563,0.3211901653951219,-1.28534570659737,-1.03002692733709,12
2,-1,0.3126206141483874,0.39815407157121796,-0.480004753654739,0.775766457387845,12
2,1,0.2494352393584754,0.3655979985626561,0.639966687428357,0.211176185625796,12
2,3,0.2510165785454203,0.37221551171608197,-1.28534570659737,-0.154371675325503,12
2,4,0.25278666388197185,0.3720321916199281,0.510335748070559,-0.00229750481991066,12
2,5,0.25296558605312003,0.3726694430991791,0.268149338927929,0.211176185625796,12
2,6,0.2525524886396426,0.372372145946561,-0.295005204872071,-0.00229750481991066,12
2,7,0.25273453427973674,0.3724110653234433,-0.882675230126054,-0.03779642317925,12
2,8,0.2527148786003314,0.3724447054300396,2.18205975144069,0.841477483894459,12
2,9,0.2526921157732074,0.3724202034388764,-0.882675230126054,1.41963063470958,12
2,10,0.25270748513815644,0.37242682573666125,2.62143279142576,1.04263043800892,12
2,11,0.25270363243895316,0.3724278256456277,-1.28534570659737,0.593054166306864,12
2,12,0.2527028497852009,0.37242610895770495,-0.753044290768257,0.126279374293161,12
3,-1,0.23447378983000666,0.3998031725993779,-0.882675230126054,0.358753856381792,12
3,1,0.2585558316894139,0.4036530568415594,0.607382594331199,-0.00229750481991066,12
3,3,0.25526667816628246,0.40020542351218785,-1.28534570659737,0.288224650342709,12
3,4,0.2550009738335946,0.4006605523569125,0.0224988127852531,-0.00229750481991066,12
3,5,0.2547067676975951,0.4003265715056787,0.0224988127852531,-0.154371675325503,12
3,6,0.25491462968221573,0.40042468674442266,0.30689240576723,-0.113675863621332,12
3,7,0.25485559883904946,0.4004323505509999,0.226636632994981,-0.340495417720542,12
3,8,0.2548497306892237,0.40041033307790264,2.15155769612041,0.423781475489621,12
3,9,0.2548636568463873,0.40042086460767085,0.618448275560071,0.733702148767084,12
3,10,0.25485718274241925,0.4004191685347678,2.26820463429095,0.358753856381792,12
3,11,0.2548581545010894,0.40041817073255825,0.618448275560071,0.15554899795196,12
3,12,0.25485880495599295,0.4004190187203311,-0.411580972359574,0.237657733094583,12
4,0,0.17922713378150007,0.14796296005775914,-0.753044290768257,-0.00229750481991066,12
4,1,0.31825605181978667,0.286883962076464,-0.244457624771499,0.33590040808072,12
4,3,0.245179553372076,0.24555932658068566,0.0224988127852531,-0.918648568535666,12
4,4,0.25493044937441284,0.25561945515212053,0.343212400482484,-0.513687138536336,12
4,5,0.24843634465399875,0.2534248579189482,0.226636632994981,0.503279570993828,12
4,6,0.24945246795435086,0.25257660577643193,0.425169289256568,0.211176185625796,12
4,7,0.25017304508344584,0.2533191236270057,-0.411580972359574,-0.00229750481991066,12
4,8,0.24969273550393706,0.2531580961078626,-0.480004753654739,-1.03002692733709,12
4,9,0.24976691341351615,0.25309467174086986,1.08832337086541,-0.289928500472415,12
4,10,0.24982052380609754,0.25314961263706726,0.548652756438605,0.484104044107036,12
4,11,0.2497850066570602,0.2531377913117412,0.0224988127852531,0.211176185625796,12
4,12,0.24979042755828212,0.2531330573440526,-1.28534570659737,0.183826237575128,12
5,0,0.1297470210676061,0.24507558241430846,-0.647128101242814,0.484104044107036,12
5,1,0.3519219677649881,0.4562978164734482,0.680750496528519,0.593054166306864,12
5,3,0.2541761018838181,0.3936782036131703,0.0522966621743731,-0.451873776521963,12
5,4,0.2613320571629076,0.4088133557490912,0.913006224541875,0.575855645995213,12
5,5,0.2518924305954302,0.40250094170124895,0.584598078003485,0.464477287193792,12
5,6,0.2557582338461834,0.4031929678638021,0.343212400482484,0.642619163093913,12
5,7,0.2553771790253208,0.4039668945328312,-1.28534570659737,0.0317520670695359,12
5,8,0.25488073970290404,0.40341983651781793,1.24931222956505,0.0317520670695359,12
5,9,0.2552206079403838,0.4035767156223378,1.54901915666395,1.55360622965108,12
5,10,0.25512609527533336,0.4035910141491068,1.07847685209768,0.878554640536505,12
5,11,0.2551156139838979,0.4035546456950047,-0.753044290768257,0.33590040808072,12
5,12,0.2551385403577845,0.40357183608167363,-1.28534570659737,0.237657733094583,12
6,0,0.3372251354864662,0.14035763120332814,-0.411580972359574,0.126279374293161,12
6,1,0.46151249759672797,0.6503683133976593,0.080640366374898,0.237657733094583,12
6,3,0.2874870929667421,0.4107850101515746,0.158212851699816,0.815810883909706,12
6,4,0.2658246744190407,0.443259911416301,-0.411580972359574,0.0959451701662267,12
6,5,0.24640444038054415,0.41870126002212643,-0.0421155732236146,-0.113675863621332,12
6,6,0.2616398961744839,0.4267484329043965,-0.411580972359574,0.0317520670695359,12
6,7,0.25669240979624686,0.4267418386312856,-0.557577238979657,-0.289928500472415,12
6,8,0.25668938104427286,0.425272541694231,-0.411580972359574,-0.513687138536336,12
6,9,0.2575984922402464,0.4261007060959378,0.247763713962973,-0.394326913239996,12
6,10,0.25708841972009056,0.4259043888473333,-0.0773342771834238,0.0959451701662267,12
6,11,0.2572087696634131,0.425863136825564,-1.28534570659737,-0.820405893549528,12
6,12,0.2572345048376953,0.42592226910365144,-0.350373814296942,-0.918648568535666,12
1,0,0.6198406884730154,0.3733982885167555,-0.557577238979657,-0.0748735798212954,13
1,1,0.3223365030034999,0.39738993431210196,-0.114826685413702,-0.289928500472415,13
1,2,0.43109136412483356,0.3399127521858732,-0.557577238979657,-0.653026730636419,13
1,4,0.4058061694931619,0.3593676482017178,-0.0773342771834238,-2.07495487016591,13
1,5,0.42575717703049487,0.37798427888724695,-0.882675230126054,-1.73675695726528,13
1,6,0.4104745474907686,0.3688365541954657,-0.0773342771834238,-0.340495417720542,13
1,7,0.42029263896633234,0.37267551675761884,-1.28534570659737,-0.820405893549528,13
1,8,0.4148409574301003,0.3714523915117287,-0.647128101242814,-1.15860380645016,13
1,9,0.41750624165215333,0.37156709565681295,0.325336199287891,0.183826237575128,13
1,10,0.41639981899684136,0.3718084746865849,-0.197958358611432,0.689403313388867,13
1,11,0.4167428709696472,0.3715300974894906,0.618448275560071,0.33590040808072,13
1,12,0.4167189541804187,0.3717420178365338,0.536159141595623,0.237657733094583,13
1,13,0.4166428885912107,0.3716085244888731,-1.28534570659737,-1.03002692733709,13
2,-2,0.020105122913962794,0.3904223335836352,0.343212400482484,0.55829502509895,13
2,0,0.36353148572221694,0.4749395936150336,-0.480004753654739,0.775766457387845,13
2,2,0.4207916929893611,0.45554447745653326,0.639966687428357,0.211176185625796,13
2,4,0.4208707981372154,0.442680683302505,-1.28534570659737,-0.154371675325503,13
2,5,0.4087927698434449,0.4344827263651422,0.510335748070559,-0.00229750481991066,13
2,6,0.4165790059925343,0.43830611503901457,0.268149338927929,0.211176185625796,13
2,7,0.4120377257369434,0.436721427378997,-0.295005204872071,-0.00229750481991066,13
2,8,0.4144912070307043,0.43725110334851663,-0.882675230126054,-0.03779642317925,13
2,9,0.4132679152839695,0.4371624215432996,2.18205975144069,0.841477483894459,13
2,10,0.41382374360649654,0.43710001685891775,-0.882675230126054,1.41963063470958,13
2,11,0.4136031198956851,0.43719072648722895,2.62143279142576,1.04263043800892,13
2,12,0.41367029146462636,0.4371147004037433,-1.28534570659737,0.593054166306864,13
2,13,0.41366485110978,0.4371672397556705,-0.753044290768257,0.126279374293161,13
3,-2,0.41111088384211397,0.42779636065116305,0.107665271599244,0.15554899795196,13
3,0,0.4004280374595165,0.45739298788344535,-0.882675230126054,0.358753856381792,13
3,2,0.40603852379486727,0.4682823937129419,0.607382594331199,-0.00229750481991066,13
3,4,0.40996597476391095,0.4714962454131957,-1.28534570659737,0.288224650342709,13
3,5,0.41340393939970715,0.4726780702427561,0.0224988127852531,-0.00229750481991066,13
3,6,0.41155102804966903,0.4722500965052473,0.0224988127852531,-0.154371675325503,13
3,7,0.41249603413905006,0.4723549508310932,0.30689240576723,-0.113675863621332,13
3,8,0.4120436547151799,0.47236945716581563,0.226636632994981,-0.340495417720542,13
3,9,0.41224347751480295,0.4723236849905535,2.15155769612041,0.423781475489621,13
3,10,0.4121654415947447,0.4723675256575022,0.618448275560071,0.733702148767084,13
3,11,0.41218919119802894,0.47233482927160086,2.26820463429095,0.358753856381792,13
3,12,0.41218698144196897,0.4723563912521688,0.618448275560071,0.15554899795196,13
3,13,0.41218238769945326,0.47234327449152497,-0.411580972359574,0.237657733094583,13
4,0,0.0973960114868644,0.2803440429057269,-0.244457624771499,0.183826237575128,13
4,1,0.45484222805382846,0.20521782407662056,-0.753044290768257,-0.00229750481991066,13
4,2,0.43284565871414316,0.3318422734729937,-0.244457624771499,0.33590040808072,13
4,4,0.44922872059795227,0.29596737599952017,0.0224988127852531,-0.918648568535666,13
4,5,0.4046092086878536,0.2784610310714982,0.343212400482484,-0.513687138536336,13
4,6,0.42977850671647855,0.2828558443123804,0.226636632994981,0.503279570993828,13
4,7,0.4186011448156961,0.2836869526519166,0.425169289256568,0.211176185625796,13
4,8,0.42211956315435994,0.28157971110434177,-0.411580972359574,-0.00229750481991066,13
4,9,0.4220061734300729,0.28339612600144076,-0.480004753654739,-1.03002692733709,13
4,10,0.42108634355028607,0.28225040986856964,1.08832337086541,-0.289928500472415,13
4,11,0.42201941715490526,0.28283248208310885,0.548652756438605,0.484104044107036,13
4,12,0.42138179130949127,0.2826031193752195,0.0224988127852531,0.211176185625796,13
4,13,0.42172834520098107,0.28265498195289396,-1.28534570659737,0.183826237575128,13
5,0,0.36656488757850647,0.3921254500758561,-0.197958358611432,0.55829502509895,13
5,1,0.44540032695415305,0.5219355548407086,-0.647128101242814,0.484104044107036,13
5,2,0.3818765438184788,0.4515852210759606,0.680750496528519,0.593054166306864,13
5,4,0.3999816598523143,0.47040507625146977,0.0522966621743731,-0.451873776521963,13
5,5,0.4189231902614136,0.4788601339460419,0.913006224541875,0.575855645995213,13
5,6,0.4082444418506973,0.47530092587976575,0.584598078003485,0.464477287193792,13
5,7,0.41398181182058225,0.47656949735589194,0.343212400482484,0.642619163093913,13
5,8,0.4110682994508631,0.47626981904048216,-1.28534570659737,0.0317520670695359,13
5,9,0.4124618915685891,0.47621488534172585,1.24931222956505,0.0317520670695359,13
5,10,0.4118461212361179,0.47635993329283627,1.54901915666395,1.55360622965108,13
5,11,0.41208772817162415,0.47622351365343013,1.07847685209768,0.878554640536505,13
5,12,0.4120131656716362,0.47632470035654445,-0.753044290768257,0.33590040808072,13
5,13,0.41202120583507873,0.47625807974059303,-1.28534570659737,0.237657733094583,13
6,0,0.6390563370977502,0.5197722284004899,-0.557577238979657,-0.113675863621332,13
6,1,0.2912016460327747,0.52030511300036,-0.411580972359574,0.126279374293161,13
6,2,0.4526081926799427,0.48093292942311605,0.080640366374898,0.237657733094583,13
6,4,0.4144091618502611,0.4931330240404212,0.158212851699816,0.815810883909706,13
6,5,0.41135385534921365,0.5106570268876033,-0.411580972359574,0.0959451701662267,13
6,6,0.40922158306315415,0.5001309382036603,-0.0421155732236146,-0.113675863621332,13
6,7,0.4125361591381084,0.506241004467214,-0.411580972359574,0.0317520670695359,13
6,8,0.409700367754091,0.5028541395474924,-0.557577238979657,-0.289928500472415,13
6,9,0.41175296987840604,0.5046647178207457,-0.411580972359574,-0.513687138536336,13
6,10,0.4104095339494748,0.5037343139213121,0.247763713962973,-0.394326913239996,13
6,11,0.4112354805782905,0.5041922607485901,-0.0773342771834238,0.0959451701662267,13
6,12,0.41075240171126265,0.5039782402025773,-1.28534570659737,-0.820405893549528,13
6,13,0.41102348465182825,0.5040714914353583,-0.350373814296942,-0.918648568535666,13
1,-1,-4.641328660383592,-4.910224481399696,0.536159141595623,0.484104044107036,14
1,1,-7.1627360587001565,-7.2047080705047195,-0.557577238979657,-0.0748735798212954,14
1,2,-8.446444425821706,-8.360698392168795,-0.114826685413702,-0.289928500472415,14
1,3,-9.734212885275127,-9.517657833215715,-0.557577238979657,-0.653026730636419,14
1,5,-12.313724234538434,-11.832316595427672,-0.0773342771834238,-2.07495487016591,14
1,6,-13.604099527341049,-12.989743006630075,-0.882675230126054,-1.73675695726528,14
1,7,-14.894591729348669,-14.147185804581826,-0.0773342771834238,-0.340495417720542,14
1,8,-16.185132735762082,-15.304635229822937,-1.28534570659737,-0.820405893549528,14
1,9,-17.475694145967125,-16.462087378240067,-0.647128101242814,-1.15860380645016,14
1,10,-18.766264093317822,-17.61954065550625,0.325336199287891,0.183826237575128,14
1,11,-20.056837614250128,-18.77699440295774,-0.197958358611432,0.689403313388867,14
1,12,-21.347412631405692,-19.934448346751825,0.618448275560071,0.33590040808072,14
1,13,-22.637988275093583,-21.091902372647766,0.536159141595623,0.237657733094583,14
1,14,-23.928564181154748,-22.249356432900022,-1.28534570659737,-1.03002692733709,14
2,-2,-2.3389275826448777,-1.610013479387794,0.788305419720364,0.959150956980874,14
2,-1,-3.5229654003257838,-2.765437231047323,0.343212400482484,0.55829502509895,14
2,1,-6.04220568645504,-5.075534780827523,-0.480004753654739,0.775766457387845,14
2,3,-8.612656432102575,-7.389166551715188,0.639966687428357,0.211176185625796,14
2,5,-11.191950470543901,-9.703836241054127,-1.28534570659737,-0.154371675325503,14
2,6,-12.482297665482516,-10.861260518920657,0.510335748070559,-0.00229750481991066,14
2,7,-13.77277798215331,-12.01870209892147,0.268149338927929,0.211176185625796,14
2,8,-15.063313984715098,-13.176150943136383,-0.295005204872071,-0.00229750481991066,14
2,9,-16.35387329344638,-14.333602832705706,-0.882675230126054,-0.03779642317925,14
2,10,-17.644442359390304,-15.491055998172877,2.18205975144069,0.841477483894459,14
2,11,-18.935015510896207,-16.64850969806031,-0.882675230126054,1.41963063470958,14
2,12,-20.22559037327011,-17.80596362177196,2.62143279142576,1.04263043800892,14
2,13,-21.516165952120556,-18.963417639221742,-1.28534570659737,0.593054166306864,14
2,14,-22.806741831024425,-20.12087169592895,-0.753044290768257,0.126279374293161,14
3,-2,-4.074538779479304,-2.5020461322064076,0.287843791057613,0.402663925179419,14
3,-1,-5.344640877766773,-3.6615806503780504,0.107665271599244,0.15554899795196,14
3,1,-7.914202478029043,-5.976212946915245,-0.882675230126054,0.358753856381792,14
3,3,-10.49338600933868,-8.290919356404665,0.607382594331199,-0.00229750481991066,14
3,5,-13.074196183179367,-10.605785276617821,-1.28534570659737,0.288224650342709,14
3,6,-14.364730102631759,-11.763233935740718,0.0224988127852531,-0.00229750481991066,14
3,7,-15.655288544197868,-12.92068573051855,0.0224988127852531,-0.154371675325503,14
3,8,-16.945857248069245,-14.078138852598105,0.30689240576723,-0.113675863621332,14
3,9,-18.236430248167938,-15.235592533526855,0.226636632994981,-0.340495417720542,14
3,10,-19.52700504718008,-16.39304644913024,2.15155769612041,0.423781475489621,14
3,11,-20.817580599504478,-17.5505004631483,0.618448275560071,0.733702148767084,14
3,12,-22.10815646730125,-18.7079545184106,2.26820463429095,0.358753856381792,14
3,13,-23.398732467215012,-19.865408590951965,0.618448275560071,0.15554899795196,14
3,14,-24.689308522458912,-21.022862670731097,-0.411580972359574,0.237657733094583,14
4,-1,0.4111543811180243,0.17327476811157805,-0.154906762508342,-0.451873776521963,14
4,1,0.2811093740281281,0.27557761242892076,-0.244457624771499,0.183826237575128,14
4,2,0.40760156768922995,0.32493420500630626,-0.753044290768257,-0.00229750481991066,14
4,3,0.3531913299137761,0.3204079945829607,-0.244457624771499,0.33590040808072,14
4,5,0.3691769126919719,0.31955062452514404,0.0224988127852531,-0.918648568535666,14
4,6,0.3632557304492129,0.31605528220863477,0.343212400482484,-0.513687138536336,14
4,7,0.36667268415255133,0.31696095757793646,0.226636632994981,0.503279570993828,14
4,8,0.36551066697963575,0.3171050527118843,0.425169289256568,0.211176185625796,14
4,9,0.3655775926370902,0.31678442495028775,-0.411580972359574,-0.00229750481991066,14
4,10,0.3658009809439666,0.3169906685952029,-0.480004753654739,-1.03002692733709,14
4,11,0.3656181220453058,0.31691171922360706,1.08832337086541,-0.289928500472415,14
4,12,0.3657024773197773,0.31692232118819974,0.548652756438605,0.484104044107036,14
4,13,0.3656823352364062,0.31693294766259483,0.0224988127852531,0.211176185625796,14
4,14,0.36567758140227863,0.316922503481334,-1.28534570659737,0.183826237575128,14
5,-1,0.1098761058749817,0.3964605287980959,0.957470705085681,0.288224650342709,14
5,1,0.322537699742239,0.4662175463655462,-0.197958358611432,0.55829502509895,14
5,2,0.3504275456344233,0.4370119500833967,-0.647128101242814,0.484104044107036,14
5,3,0.3540839761252708,0.4587721521328116,0.680750496528519,0.593054166306864,14
5,5,0.35256704100296904,0.45251236130225747,0.0522966621743731,-0.451873776521963,14
5,6,0.34766402224809007,0.4498522097639915,0.913006224541875,0.575855645995213,14
5,7,0.3502508170630533,0.45078354970347784,0.584598078003485,0.464477287193792,14
5,8,0.3490707270347074,0.45057450054691917,0.343212400482484,0.642619163093913,14
5,9,0.34952514086395187,0.4505404608539099,-1.28534570659737,0.0317520670695359,14
5,10,0.34939482990728804,0.4506222112824619,1.24931222956505,0.0317520670695359,14
5,11,0.34940417670719776,0.4505556414563719,1.54901915666395,1.55360622965108,14
5,12,0.3494271509931075,0.45059678933523417,1.07847685209768,0.878554640536505,14
5,13,0.3494038690794057,0.4505752378068026,-0.753044290768257,0.33590040808072,14
5,14,0.3494196182687842,0.4505850078326419,-1.28534570659737,0.237657733094583,14
6,-1,-0.11689150044697706,0.4838160092291366,0.670819815399244,0.890556267503324,14
6,1,0.43408291842341934,0.5803497620463465,-0.557577238979657,-0.113675863621332,14
6,2,0.26873285075382525,0.4158275558478404,-0.411580972359574,0.126279374293161,14
6,3,0.392018553593314,0.49330494819798554,0.080640366374898,0.237657733094583,14
6,5,0.3580480648861716,0.47210652482414533,0.158212851699816,0.815810883909706,14
6,6,0.34311669186997346,0.4703272875909821,-0.411580972359574,0.0959451701662267,14
6,7,0.3488000202027772,0.4695454210909755,-0.0421155732236146,-0.113675863621332,14
6,8,0.3471505929838467,0.4707130250608571,-0.411580972359574,0.0317520670695359,14
6,9,0.3473073360128164,0.46981604595041315,-0.557577238979657,-0.289928500472415,14
6,10,0.347564715533945,0.4703690114099765,-0.411580972359574,-0.513687138536336,14
6,11,0.3472865844775743,0.4700719050495635,0.247763713962973,-0.394326913239996,14
6,12,0.34748345734228003,0.470214316284378,-0.0773342771834238,0.0959451701662267,14
6,13,0.34736758249202027,0.47015388694489685,-1.28534570659737,-0.820405893549528,14
6,14,0.3474277017985627,0.4701755428586096,-0.350373814296942,-0.918648568535666,14
1,-4,1.7532569210492805,1.7445763514303976,-1.28534570659737,-1.15860380645016,15
1,0,0.8148242378797024,1.2469040110891856,0.536159141595623,0.484104044107036,15
1,2,-0.20999199656336245,-0.1271754838257874,-0.557577238979657,-0.0748735798212954,15
1,3,0.6120000692663121,0.42925387355479583,-0.114826685413702,-0.289928500472415,15
1,4,0.1442195796110151,0.27061799829804645,-0.557577238979657,-0.653026730636419,15
1,6,0.2829692560323607,0.2960171875230772,-0.0773342771834238,-2.07495487016591,15
1,7,0.28872773095638055,0.2821654185989051,-0.882675230126054,-1.73675695726528,15
1,8,0.292055497841073,0.2894683653865379,-0.0773342771834238,-0.340495417720542,15
1,9,0.2887805592201882,0.28633657149264413,-1.28534570659737,-0.820405893549528,15
1,10,0.2906690600389,0.28747972694634955,-0.647128101242814,-1.15860380645016,15
1,11,0.2898035891540185,0.28713739279577094,0.325336199287891,0.183826237575128,15
1,12,0.29013954485711185,0.28720729136284273,-0.197958358611432,0.689403313388867,15
1,13,0.2900302417224756,0.28721029870342474,0.618448275560071,0.33590040808072,15
1,14,0.290057183831406,0.28719699765354373,0.536159141595623,0.237657733094583,15
1,15,0.2900547494969638,0.28720628603154874,-1.28534570659737,-1.03002692733709,15
2,-4,3.44614547269805,3.1481533308367746,0.680750496528519,1.5695958314404,15
2,-1,8.164054973299342,7.060175118467807,0.788305419720364,0.959150956980874,15
2,0,9.798151588720543,8.386050969036816,0.343212400482484,0.55829502509895,15
2,2,13.071056137527053,11.039453682064542,-0.480004753654739,0.775766457387845,15
2,4,16.344933010979407,13.69322433257951,0.639966687428357,0.211176185625796,15
2,6,19.618890473134073,16.34702718202938,-1.28534570659737,-0.154371675325503,15
2,7,21.255872398621833,17.673929905334006,0.510335748070559,-0.00229750481991066,15
2,8,22.892854662604062,19.000832766955735,0.268149338927929,0.211176185625796,15
2,9,24.529837024504832,20.32773566864341,-0.295005204872071,-0.00229750481991066,15
2,10,26.166819414733933,21.6546385819311,-0.882675230126054,-0.03779642317925,15
2,11,27.803801813159,22.98154149857631,2.18205975144069,0.841477483894459,15
2,12,29.44078421395537,24.308444416193158,-0.882675230126054,1.41963063470958,15
2,13,31.077766615437845,25.63534733409117,2.62143279142576,1.04263043800892,15
2,14,32.714749017118855,26.962250252070554,-1.28534570659737,0.593054166306864,15
2,15,34.3517314188573,28.289153170073483,-0.753044290768257,0.126279374293161,15
3,-4,3.8273300097014498,3.3979260624186423,-0.753044290768257,1.29734886988151,15
3,-1,8.606656622443511,7.340285226978413,0.287843791057613,0.402663925179419,15
3,0,10.241511888606786,8.66641823358509,0.107665271599244,0.15554899795196,15
3,2,13.514691575330772,11.319922157828275,-0.882675230126054,0.358753856381792,15
3,4,16.78859112658857,13.973701778626763,0.607382594331199,-0.00229750481991066,15
3,6,20.062550479350737,16.627505394393417,-1.28534570659737,0.288224650342709,15
3,7,21.699532527444738,17.954408167757894,0.0224988127852531,-0.00229750481991066,15
3,8,23.33651482689201,19.281311043884607,0.0224988127852531,-0.154371675325503,15
3,9,24.97349719905265,20.608213949772495,0.30689240576723,-0.113675863621332,15
3,10,26.610479592250076,21.935116864275997,0.226636632994981,-0.340495417720542,15
3,11,28.247461991533942,23.262019781273068,2.15155769612041,0.423781475489621,15
3,12,29.884444392578814,24.588922698991755,0.618448275560071,0.733702148767084,15
3,13,31.5214267941332,25.915825616919243,2.26820463429095,0.358753856381792,15
3,14,33.15840919583501,27.24272853490715,0.618448275560071,0.15554899795196,15
3,15,34.795391597579474,28.569631452912542,-0.411580972359574,0.237657733094583,15
4,-1,0.3213079835487245,0.2295483772828914,-0.882675230126054,-0.03779642317925,15
4,0,0.32337735367283393,0.23043828141805953,-0.154906762508342,-0.451873776521963,15
4,2,0.322790850551493,0.23025730888811588,-0.244457624771499,0.183826237575128,15
4,3,0.3227735404682877,0.2303061957752825,-0.753044290768257,-0.00229750481991066,15
4,4,0.322753554561453,0.23028084772253973,-0.244457624771499,0.33590040808072,15
4,6,0.3227619929350649,0.23028784612000575,0.0224988127852531,-0.918648568535666,15
4,7,0.3227643254752677,0.23028790931537604,0.343212400482484,-0.513687138536336,15
4,8,0.32276387324214395,0.23028819579469706,0.226636632994981,0.503279570993828,15
4,9,0.3227638208135499,0.23028800097175145,0.425169289256568,0.211176185625796,15
4,10,0.322763921260096,0.2302880847163647,-0.411580972359574,-0.00229750481991066,15
4,11,0.3227638639483694,0.2302880591279852,-0.480004753654739,-1.03002692733709,15
4,12,0.32276388616934665,0.23028806341549193,1.08832337086541,-0.289928500472415,15
4,13,0.3227638800411276,0.2302880642050701,0.548652756438605,0.484104044107036,15
4,14,0.3227638814089281,0.2302880633330069,0.0224988127852531,0.211176185625796,15
4,15,0.32276388089605557,0.2302880636827504,-1.28534570659737,0.183826237575128,15
5,-1,0.23969603960416985,0.4342489384314243,0.745882876953799,0.689403313388867,15
5,0,0.22982698037729485,0.3120813491296905,0.957470705085681,0.288224650342709,15
5,2,0.24211265098017992,0.3461273476434619,-0.197958358611432,0.55829502509895,15
5,3,0.2546654189405242,0.35694295996171377,-0.647128101242814,0.484104044107036,15
5,4,0.24841270172624288,0.3526752034154495,0.680750496528519,0.593054166306864,15
5,6,0.25004513560417824,0.35371271096813556,0.0522966621743731,-0.451873776521963,15
5,7,0.2505832091278355,0.35388733806105904,0.913006224541875,0.575855645995213,15
5,8,0.25036854879230735,0.35384148723820213,0.584598078003485,0.464477287193792,15
5,9,0.2504497294271083,0.3538484949149941,0.343212400482484,0.642619163093913,15
5,10,0.2504209659166412,0.35385073823450935,-1.28534570659737,0.0317520670695359,15
5,11,0.2504302712644868,0.3538477058289017,1.24931222956505,0.0317520670695359,15
5,12,0.2504276919946019,0.3538497775599162,1.54901915666395,1.55360622965108,15
5,13,0.25042817752222385,0.3538486221491024,1.07847685209768,0.878554640536505,15
5,14,0.2504282278369452,0.35384920088602523,-0.753044290768257,0.33590040808072,15
5,15,0.2504281057500563,0.353848932250818,-1.28534570659737,0.237657733094583,15
6,-1,0.24626380239372228,0.4030041696759349,1.23810421568827,0.719195719066381,15
6,0,0.23198333576750743,0.35676417578464803,0.670819815399244,0.890556267503324,15
6,2,0.2370861776459933,0.36869366266553194,-0.557577238979657,-0.113675863621332,15
6,3,0.24126126916568438,0.3725960198002492,-0.411580972359574,0.126279374293161,15
6,4,0.23917449511183309,0.3709957636341191,0.080640366374898,0.237657733094583,15
6,6,0.23971414691301118,0.37138798706616555,0.158212851699816,0.815810883909706,15
6,7,0.23991316615778224,0.3714764044107098,-0.411580972359574,0.0959451701662267,15
6,8,0.23982830361868057,0.37144609065203765,-0.0421155732236146,-0.113675863621332,15
6,9,0.23986337464607893,0.3714555385288244,-0.411580972359574,0.0317520670695359,15
6,10,0.23984934726514304,0.3714530837020809,-0.557577238979657,-0.289928500472415,15
6,11,0.23985475797307917,0.37145344281207615,-0.411580972359574,-0.513687138536336,15
6,12,0.2398527601589597,0.3714535801265185,0.247763713962973,-0.394326913239996,15
6,13,0.2398534577420574,0.3714534037793788,-0.0773342771834238,0.0959451701662267,15
6,14,0.23985323112946855,0.3714535232179101,-1.28534570659737,-0.820405893549528,15
6,15,0.23985329718295897,0.37145345672911056,-0.350373814296942,-0.918648568535666,15
