"","PERIOD","SITE","MesFra","StrPur","PycHel","MacJuv","PteCal","MacPyr","SemPul"
"1",3,1,-0.130290826534641,-2.02051111450394,-0.21827203187936,1.63911293700982,0.371993513262273,1.39402364914377,-0.516370140873871
"2",3,2,1.13257118959156,-0.273192478945871,-0.296064630774503,1.04146606199094,-0.657446311851812,0.68907134971367,-1.15873736217167
"3",3,3,1.12458479709022,0.194879868652089,-0.298832823422934,0.616167194147299,0.189660499888669,0.227703173550395,-1.41495161135546
"4",3,4,0.481251243091978,-0.96680579754433,-0.742339563675049,0.635984160174659,0.219836022758076,1.04672141802889,-1.97454935215701
"5",3,5,-0.365356847318388,-1.76120652839342,-0.687318325012107,1.09481548165592,1.27827790947578,0.552760249834031,-0.605875531578242
"6",3,6,-1.4454753363844,-1.23987648077978,-0.2634669140543,1.14019931876816,0.593060196594319,0.247031645090993,-0.695700416402368
"7",4,1,0.485581508151054,-1.43213197973589,-0.21827203187936,0.978490666165853,0.411721185396093,1.21763897602262,0.0573101609049029
"8",4,2,0.989289416439127,-0.121709987717687,-0.296064630774503,0.750478496379552,0.277669706890738,0.592250017573301,-2.97405566915054
"9",4,3,1.07998394878656,0.199090195974984,-0.298832823422934,0.76995543482046,0.0629826829025229,0.560512380246621,-1.08538181665563
"10",4,4,-0.0570733457848017,-1.55477436208559,-0.742339563675049,0.235525272915723,-0.0220742591736542,1.07166417021917,-2.20364205727408
"11",4,5,-0.410468672366977,-1.28724367654108,-0.687318325012107,0.461994293883997,1.16040194512666,0.355001018761695,-0.551572050753784
"12",4,6,-1.54218570260495,-2.06671951954772,-0.2634669140543,0.205589620283971,0.203125737063533,0.403566134690097,-0.695700416402368
"13",5,1,0.485581508151054,-1.464397989524,-0.21827203187936,-0.552577046535035,0.682360016364471,1.0983554272259,0.249735150840223
"14",5,2,1.08966400795186,-0.0160583846898881,-0.296064630774503,0.677342427717742,-0.108600946567799,0.706765347810431,-0.866536380081739
"15",5,3,1.18318543247086,0.366128178576272,-0.298832823422934,0.782879987275643,0.417991360849153,0.73692488507541,-1.87945414812563
"16",5,4,0.502437652119376,-0.857429495844616,-0.742339563675049,-0.565392501602148,0.287143498037509,0.739220762302826,-2.48402886780233
"17",5,5,-0.701245932753204,-0.79200310171978,-0.687318325012107,0.936556819587739,1.0354429472434,-0.254762071595757,-0.782868668122779
"18",5,6,-1.56226093480258,-1.22283648203295,-0.2634669140543,-0.359902699811373,0.869723098518438,0.281008323828968,-0.475406233235407
"19",6,1,0.661261348538593,-0.964748922980374,-0.21827203187936,0.184377859559768,0.351052192619122,0.204295190183252,0.125988014023153
"20",6,2,0.859637272437756,-0.0668828736911572,-0.296064630774503,0.769823905250543,-0.108600946567799,0.337579250324896,-0.866536380081739
"21",6,3,0.963207383898842,0.372951392788067,-0.298832823422934,0.423604462939639,0.392303509147695,0.27640198858081,-1.41495161135546
"22",6,4,0.134253180450745,-0.392471748918662,-0.742339563675049,-1.60056370824702,0.349460486664252,-0.193833774506725,-0.742106898386464
"23",6,5,-0.221013163812045,-1.20843664970828,-0.687318325012107,0.375640317915853,0.719690233491861,-0.126823810167072,-0.3534401634463
"24",6,6,-2.20122707990071,-1.10274115410362,-0.2634669140543,0.257291679464097,-0.463471624391371,-0.746074544369251,0.0179398492233479
"25",7,1,0.485581508151054,-1.68061311449466,-0.21827203187936,2.28538660281142,0.670236982203342,1.82189947072317,-0.516370140873871
"26",7,2,0.918934539513904,0.162729116013427,-0.296064630774503,1.48326245789,0.0939615476487348,0.156887465385015,-0.096844225716412
"27",7,3,1.03168034442069,0.462428770152836,-0.298832823422934,1.46956356587918,0.589322763817128,0.147434807658829,-0.291309485185639
"28",7,4,0.21347959976915,-0.983727374593225,-0.742339563675049,2.3281668919755,2.397977520875,1.12028482982307,-0.181333277329971
"29",7,5,-0.277679046026977,-1.1145795298674,-0.687318325012107,1.6712923147046,2.18452361363975,0.355001018761695,-0.721322478818553
"30",8,1,0.18404412366524,-1.74609903324663,-0.21827203187936,-0.960330331238964,-0.426266461609921,1.52987006251904,-0.490263430700802
"31",8,5,-1.83132298386605,-1.19563370714893,-0.687318325012107,1.13259970312923,2.1278759798294,1.58922545654085,-0.448965021935584
"32",9,1,0.383566690089498,-1.95413478227528,-0.21827203187936,-0.144823761831105,0.0846629960943239,1.12420403685995,-1.30158388120366
"33",9,2,0.976920021881375,0.192914752309705,-0.296064630774503,-1.27304206751227,0.120972481455011,0.197423813313622,-1.15873736217167
"34",9,3,1.0644366291779,0.455029233026123,-0.298832823422934,-1.41416307432164,0.436384994260061,0.495559118148304,-1.08538181665563
"35",9,4,0.150281125911685,-0.514915257232541,-0.742339563675049,-1.60056370824702,-1.86970839376097,1.16731107892223,0.409240896849714
"36",9,5,-1.49328180379685,-0.673877226683082,-0.687318325012107,-1.56423296802196,-0.655931907191769,0.376140601280567,-0.221477378854588
"37",9,6,-2.08444148148253,-1.56668268501473,-0.2634669140543,-1.39948839867095,-1.13006898584628,0.134975365285415,-0.596642602588853
"38",10,1,0.383566690089498,-0.706229747189064,-0.21827203187936,-0.960330331238964,-0.748506021507244,0.794708235099646,-0.0168675714096095
"39",10,2,1.06914569097895,0.274499688470303,-0.296064630774503,-1.27304206751227,-1.00372918291929,-0.199860693086278,1.01267144466573
"40",10,3,1.20191224999973,0.653264906223615,-0.298832823422934,0.55806942227142,0.289573851245895,-0.172869581444558,-0.291309485185639
"41",10,4,0.606000802309052,0.168512762395672,-0.742339563675049,-1.60056370824702,-1.86970839376097,-0.0249126307624155,0.959921844420698
"42",10,5,-0.503408505334263,-0.741831183497964,-0.687318325012107,-1.56423296802196,-1.84861672282523,-0.359412635621685,-0.140009100799333
"43",10,6,-1.89882903112284,-1.7412377835834,-0.2634669140543,-1.39948839867095,-1.13006898584628,0.211474098332443,-0.0274409967592775
"44",11,1,0.634180968739743,-0.617422035093049,-0.21827203187936,-0.960330331238964,-0.349376034071147,0.585828772728934,0.249735150840223
"45",11,2,0.716397096591079,0.586476712951945,-0.296064630774503,-1.27304206751227,-0.801166688702756,-0.237938738874664,1.13179674664119
"46",11,3,0.91666083965631,0.639247160990786,-0.298832823422934,0.414348552582245,0.272901631032945,-0.219887770622332,0.75839703915726
"47",11,4,0.883035506247928,-0.301146880121646,-0.742339563675049,-1.60056370824702,-1.86970839376097,-1.07313110470006,0.762844402216878
"48",11,5,-0.48765803150181,-0.523243696145216,-0.687318325012107,-1.56423296802196,-1.84861672282523,-0.997590858814639,0.145005682956965
"49",11,6,-0.218382436204458,-0.833144706764045,-0.2634669140543,0.0197668768102293,0.203125737063533,-0.0457082590534959,-0.158706245782433
"50",12,1,0.418823994633083,-0.436829775818028,-0.21827203187936,0.394196761001625,-0.349376034071147,-1.16441746946144,0.249735150840223
"51",12,2,0.800615065908018,0.588201044538225,-0.296064630774503,0.82977833382629,-0.801166688702756,-0.278475086803271,1.29234146644553
"52",12,3,1.26302628503336,0.759842728624811,-0.298832823422934,-0.0898959281628078,-1.11762012989293,-0.797315702392697,1.29683517775435
"53",12,4,-0.290605383109142,-0.810051585410811,-0.742339563675049,0.659568661359625,-1.86970839376097,-2.18201847140851,0.205030808662218
"54",12,5,-1.13516110381318,-0.97961200157191,-0.687318325012107,1.28728955493658,-1.84861672282523,-1.87089780556579,0.268158928090563
"55",12,6,-0.078394710870119,-1.12669435505387,-0.2634669140543,0.625824240328,0.203125737063533,-0.216267902068157,0.582714574607016
"56",13,1,0.517252598356546,-0.561639426229897,-0.21827203187936,0.670682807576754,0.891329293307525,1.52987006251904,0.768346168920176
"57",13,2,1.14865595583683,0.725753991722976,-0.296064630774503,0.617058864966642,-0.199685255809453,0.919346996512365,0.572069341635326
"58",13,3,1.22132023908629,0.836582289479825,-0.298832823422934,-1.41416307432164,-1.63958129019803,-2.01838802290289,0.502762846284357
"59",13,4,0.516472265245486,-1.72638408824653,-0.742339563675049,1.50494991168759,-0.51634085218847,2.37585766849266,0.500114056823093
"60",13,5,-2.00564367673224,-2.42088472175624,-0.687318325012107,0.38499207832365,0.250955126948944,1.5194780415561,-0.400378939244305
"61",13,6,-0.757258795017891,-0.883479092303047,-0.2634669140543,0.915217258024562,0.417722155693653,0.509161265155972,0.0354125154964565
"62",14,1,-0.0133624561514436,-0.444112888338992,-0.21827203187936,-0.144823761831105,0.923778602037988,1.20673180109773,0.456528287881584
"63",14,2,1.21269172816777,0.983524665673647,-0.296064630774503,-0.134736635933729,-1.00372918291929,-0.368356067719001,0.88161462178615
"64",14,3,0.946934095759022,0.81816589535478,-0.298832823422934,-1.41416307432164,-1.63958129019803,-2.01838802290289,0.428827244457431
"65",14,4,0.118131777053818,-1.28192792903672,-0.742339563675049,-0.270268079814229,2.41874140380472,0.608751575994907,0.959921844420698
"66",14,5,-1.17702144338813,-1.65087198859684,-0.687318325012107,0.304657791047218,1.32063553740658,0.437632379060557,0.0448732951558325
"67",14,6,-0.372028589381356,-0.532341942425867,-0.2634669140543,0.349724937929218,0.203125737063533,0.556948663470119,0.192304082853959
"68",15,1,-0.263976734801689,-0.301571653439123,-0.21827203187936,0.0936966192665711,0.882922970966518,1.14897530255542,-0.0168675714096095
"69",15,2,1.13617834688677,0.89405616614548,-0.296064630774503,-1.27304206751227,-1.35001205398677,-0.757171743862463,1.60453482709344
"70",15,3,0.982480556134092,0.824106448723507,-0.298832823422934,-1.41416307432164,-1.63958129019803,-2.01838802290289,0.173193051584529
"71",15,4,-2.9193255947533,0.901746731506889,-0.742339563675049,-1.60056370824702,1.92344870385004,0.642498358910219,1.37107504153102
"72",15,5,-1.5421927891225,-0.32068201151791,-0.687318325012107,-1.22393057349538,1.14751367693713,0.266947441558178,-0.551572050753784
"73",15,6,-0.449865862768381,-0.414402296927939,-0.2634669140543,-1.39948839867095,-0.0735371648605857,0.623455758612063,0.353839494824633
"74",16,1,0.227503479910295,0.218799866671713,-0.21827203187936,0.394196761001625,0.81085117283219,0.312671564055077,0.862670932189884
"75",16,2,0.906473136144252,0.940999976124105,-0.296064630774503,-0.376115890509023,-1.35001205398677,-1.97938894762781,-0.096844225716412
"76",16,3,0.770737692566457,0.700497029823709,-0.298832823422934,0.645573631966454,-0.0564191952122268,-2.01838802290289,0.502762846284357
"77",16,4,0.010987022601112,0.457174081710682,-0.742339563675049,1.73382897900597,1.0446099793025,0.17321873047134,0.664242377461711
"78",16,5,-1.13516110381318,-0.39245070998057,-0.687318325012107,1.71203986624988,0.62073589473592,0.0974188594013264,0.353829216292083
"79",16,6,-0.721305499870191,-0.80106086175939,-0.2634669140543,-0.951763208063786,-0.0735371648605857,0.174181364868471,0.117599483755624
"80",17,1,0.634180968739743,-0.109088718473303,-0.21827203187936,0.771776065551854,0.939342329299909,0.772274464966054,-0.283470293659442
"81",17,2,0.985938024411313,0.919065161357094,-0.296064630774503,-1.27304206751227,-1.35001205398677,-1.97938894762781,-0.62779079394404
"82",17,3,0.737895855134119,0.580335357665693,-0.298832823422934,-0.900662683219191,-1.63958129019803,-0.797315702392697,-0.444283611373576
"83",17,4,1.16820040176686,0.102896940468362,-0.742339563675049,0.598697671698704,1.25301405457933,-0.606419376860018,0.999815071029401
"84",17,5,-0.277679046026977,-0.232984426688933,-0.687318325012107,0.574704457619516,0.565817682344952,-0.254762071595757,0.207951125821892
"85",17,6,-0.0241820386182175,-0.421601925380826,-0.2634669140543,0.205589620283971,-1.13006898584628,0.134975365285415,0.155800991812265
"86",18,1,-0.420039944980892,0.424178341083508,-0.21827203187936,0.262929522872824,1.22886228961343,0.699396658686411,0.734643293884772
"87",18,2,0.901424433357683,1.01830613515193,-0.296064630774503,-1.27304206751227,-1.35001205398677,-1.97938894762781,-0.096844225716412
"88",18,3,0.919373394090028,0.985561879280759,-0.298832823422934,-1.41416307432164,0.20945959479289,0.0881371252208576,-0.620879279885467
"89",18,4,0.205658341798023,-0.289002800505337,-0.742339563675049,1.43085224537601,1.09558889234574,0.347271085776205,-0.0389322604623772
"90",18,5,-0.277679046026977,0.0645157810828541,-0.687318325012107,0.356384807722016,1.17306989021605,0.172709755531512,-0.180144121970238
"91",18,6,-0.781691600962626,-0.119991400502183,-0.2634669140543,0.349724937929218,0.417722155693653,-0.0457082590534959,0.625944783828325
"92",19,1,0.916574083133671,0.639940872498706,-0.21827203187936,0.884166914905015,1.28205295840262,0.553689899577362,0.456528287881584
"93",19,2,0.823703002485582,1.19960845089039,-0.296064630774503,-1.27304206751227,-1.35001205398677,-1.97938894762781,0.481724876438103
"94",19,3,0.98834234823029,0.921292792275028,-0.298832823422934,-1.41416307432164,-1.63958129019803,-2.01838802290289,1.39949524443932
"95",19,4,1.42164302243712,-0.297090856152496,-0.742339563675049,1.56340862205801,1.33129328239884,1.63659070736111,1.18224078060798
"96",19,5,0.856855263392103,-0.545266204999517,-0.687318325012107,1.34429568244373,1.0354429472434,1.2530902524307,0.695622121889908
"97",19,6,0.941365203830962,0.423024021126272,-0.2634669140543,1.33545187806859,1.25965755804922,0.64439814851744,0.51327737223472
"98",21,1,1.43355082698903,0.803182383499686,-0.21827203187936,-0.960330331238964,0.915836091927894,-1.16441746946144,0.734643293884772
"99",21,2,0.680631157305108,1.18487463438778,-0.296064630774503,-1.27304206751227,-1.35001205398677,-1.97938894762781,0.0411227734076978
"100",21,3,0.7497552024869,0.900571165665609,-0.298832823422934,-0.0631796168996303,-0.322297985217343,-0.797315702392697,0.34978872009642
"101",21,4,1.50121147340673,-0.118689737734574,-0.742339563675049,-0.670726967073164,1.18911792082582,-0.318623063880581,0.276852132904162
"102",21,5,-0.306538870469073,0.396954412236766,-0.687318325012107,-0.774075277413258,0.847041024979772,0.0176526778791818,0.951658431662705
"103",21,6,0.89532015253283,-0.1402508370054,-0.2634669140543,-1.39948839867095,1.40790375931967,0.281008323828968,0.192304082853959
"104",22,1,1.13312493304224,1.28344341002367,-0.21827203187936,-0.960330331238964,0.500484669729993,-1.16441746946144,-0.283470293659442
"105",22,2,0.510883848320026,1.18121358871162,-0.296064630774503,-0.0263371042009662,-1.35001205398677,-1.97938894762781,0.165929105376379
"106",22,3,0.59335919326169,0.905439945174073,-0.298832823422934,-1.41416307432164,-1.11762012989293,-1.54601276787712,-0.291309485185639
"107",22,4,-0.86108700428367,-0.229338470773147,-0.0183959548192506,-1.60056370824702,0.837026689384029,-0.455314264725427,0.00516107399053811
"108",22,5,-1.03369580809777,0.370611709916536,-0.687318325012107,-0.0934704883601076,0.86629033430231,-1.05726004874198,0.176836079747546
"109",22,6,0.128090685911278,0.0639724640853374,-0.2634669140543,-1.39948839867095,0.203125737063533,0.134975365285415,-0.578188245422984
"110",23,1,0.916574083133671,0.867867009529802,-0.21827203187936,-0.960330331238964,0.351052192619122,-1.16441746946144,0.663321424922944
"111",23,2,0.252861818604242,1.18017943071817,-0.296064630774503,-1.27304206751227,-1.35001205398677,-1.97938894762781,-1.15873736217167
"112",23,3,0.496274481833837,0.943851466807542,-0.298832823422934,-1.41416307432164,-0.874922011507847,-2.01838802290289,-0.156376743115299
"113",23,4,-0.815386577863536,0.132684187591462,-0.0183959548192506,1.16052734110042,1.31239598077469,-1.31271541233147,0.409240896849714
"114",23,5,0.586521003479902,-0.650221214105812,-0.687318325012107,1.13862373670704,1.40791945005787,0.975207732677735,0.43450609033581
"115",23,6,-0.510875459186851,0.239081588645788,-0.2634669140543,-0.0563128268494533,0.593060196594319,0.0936491163109695,0.2272533714756
"116",24,1,0.606292101060185,1.14953979857044,-0.21827203187936,-0.960330331238964,0.0497539533649505,-1.16441746946144,0.305917620167843
"117",24,2,0.108039376548604,1.02186465741933,-0.296064630774503,-1.27304206751227,-1.35001205398677,-1.97938894762781,-1.15873736217167
"118",24,3,0.450164603969117,0.787755702093082,-0.298832823422934,-1.41416307432164,-1.63958129019803,-2.01838802290289,-0.829747623782733
"119",24,4,0.189949135621246,-0.067337371387381,-0.742339563675049,0.585714202818724,1.23225017164961,0.426967815975593,-0.0846293361584573
"120",24,5,-0.82494284301747,-0.817627685307538,-0.687318325012107,0.671504627186915,1.06508917016972,1.2854372573366,-0.499318253916491
"121",24,6,-1.39017547235706,0.325118546648174,-0.2634669140543,-0.951763208063786,-0.0735371648605857,0.247031645090993,-0.491667840542999
"122",25,1,-0.0133624561514436,0.824092672748316,-0.21827203187936,-0.960330331238964,0.17824510983267,-1.16441746946144,-0.828188021912463
"123",25,2,-0.35899882156706,1.06097066059208,1.65829937565283,-1.27304206751227,-1.35001205398677,-1.97938894762781,-1.53544994743348
"124",25,3,0.671251001586148,0.876513934485882,-0.298832823422934,-0.33791592326114,-1.31026046395286,-0.449191391903222,-1.08538181665563
"125",25,4,-0.244136846432918,-0.743493549312967,-0.742339563675049,1.0118546536403,0.729532306161999,0.17321873047134,0.00516107399053811
"126",25,5,-0.650184844551556,-0.278202103623329,-0.687318325012107,0.469849702700689,1.37038957041898,0.658789217965942,0.176836079747546
"127",25,6,0.298268297741209,-0.0883767778873212,-0.2634669140543,0.752885500123588,-1.13006898584628,-0.0984429200466838,0.155800991812265
"128",26,4,0.052689364471961,-0.630783340971185,-0.742339563675049,0.210936879122428,1.27327755395791,-0.254871586148068,0.68962770737796
"129",26,5,1.04280936059594,0.324917647593514,-0.687318325012107,-0.48549989956148,0.371390875335067,-0.0100253284159756,-0.308040644372112
"130",26,6,0.490759346608266,0.130287073563097,-0.2634669140543,-0.242135570323195,0.203125737063533,0.281008323828968,-0.91114984018355
"131",27,1,-0.607508051407994,0.937383281297542,-0.21827203187936,-0.960330331238964,-0.748506021507244,-0.51137556794108,1.32403120771206
"132",27,2,0.0222577771702753,0.442891645443251,-0.296064630774503,0.272638288133449,-0.801166688702756,0.216751350419669,0.0411227734076978
"133",27,3,0.411277069922884,0.653987979418826,-0.298832823422934,0.38542748157604,-1.31026046395286,0.227703173550395,0.428827244457431
"134",27,4,0.858404493909827,0.910759139194839,-0.742339563675049,-0.670726967073164,0.802699697370769,-0.318623063880581,-0.341959883412163
"135",27,5,-0.503408505334263,0.212553376804849,0.977022817483623,0.258954807950231,0.474962404989284,-0.254762071595757,0.0098192385144082
"136",27,6,0.957780814932653,0.684415529422452,-0.2634669140543,-0.689860760930362,-0.0735371648605857,-0.155087305244628,0.463493382544609
"137",28,1,0.227503479910295,0.772593574795257,-0.21827203187936,-0.960330331238964,-0.166003097896696,-1.16441746946144,1.39400608962781
"138",28,2,-0.955828267942618,-0.273192478945871,-0.296064630774503,1.27995628824463,0.0351194302831455,0.438871031195169,0.572069341635326
"139",28,3,-0.206146512320366,0.239470648085119,-0.298832823422934,0.752147254315824,-0.0236400249575699,0.815863507251691,1.43176791982469
"140",28,4,-0.966761504594299,0.37709564090249,-0.742339563675049,-0.965851388861084,-0.233403187948442,-0.318623063880581,0.762844402216878
"141",28,5,-0.633410865603048,0.226991635217094,-0.687318325012107,-0.543325784442231,-0.220348636383679,-0.0671546202397319,1.1829550490317
"142",28,6,1.02178491790783,0.543369367084736,-0.2634669140543,-1.39948839867095,0.417722155693653,-0.746074544369251,0.537081483396176
"143",29,1,1.06636741952427,0.868408675825299,-0.21827203187936,-0.960330331238964,-0.166003097896696,-1.16441746946144,0.948275775064866
"144",29,2,0.108039376548604,-0.0321117307291747,-0.296064630774503,-0.974066675177853,-1.35001205398677,0.537598572370826,-0.096844225716412
"145",29,3,0.346029741148313,0.564684461527798,-0.298832823422934,-1.41416307432164,-1.11762012989293,0.404558350325807,1.95821009316023
"146",29,4,0.979422185535573,0.682711056439262,-0.0183959548192506,0.485608189780069,-0.51634085218847,-1.18792612295762,1.18224078060798
"147",29,5,0.347234613183825,0.373263533475562,-0.687318325012107,-0.543325784442231,-0.220348636383679,-0.686435265993993,0.819695647070992
"148",29,6,1.52434377622141,1.00922391719398,-0.2634669140543,-0.359902699811373,-1.13006898584628,-0.355625277432623,0.582714574607016
"149",30,1,0.687578798374379,0.838718094801855,-0.21827203187936,-0.960330331238964,-0.748506021507244,-1.16441746946144,-0.0168675714096095
"150",30,2,0.476436482478644,0.289075721432074,-0.296064630774503,0.769823905250543,-1.35001205398677,-0.0977833018633896,0.88161462178615
"151",30,3,0.678136824144346,0.715449208761287,-0.298832823422934,0.591232845388902,-1.63958129019803,-1.07363751285136,1.01403123203016
"152",30,4,0.197814895831302,0.768819908432824,-0.742339563675049,0.185255315559789,-1.86970839376097,-0.867899867078719,0.377428283899561
"153",30,5,0.454312827772816,1.13414331245084,-0.687318325012107,-0.304964471137298,-0.520821288341036,-1.98769628731689,0.877797652309451
"154",30,6,1.46924744909018,1.41498887284253,-0.2634669140543,-1.39948839867095,-1.13006898584628,-2.11560484735056,0.979696965876717
"155",31,1,0.738088812145799,0.583539938627433,-0.21827203187936,-0.960330331238964,-1.54676599637944,-1.16441746946144,0.0573101609049029
"156",31,2,0.14721337011731,0.213979365373804,-0.296064630774503,0.221834894159808,-0.199685255809453,0.560032935572521,1.78927377527559
"157",31,3,0.45756458912075,0.666298892779654,-0.298832823422934,0.98359364440439,0.31353403005127,0.959362015643767,2.42939255681413
"158",31,4,-0.50488822483535,0.957435093575027,-0.742339563675049,1.32430020295122,0.287143498037509,1.65317091631677,1.05737617742905
"159",31,5,-0.263382471729857,0.75154524158295,-0.687318325012107,1.02956951734469,0.107074503472502,1.2854372573366,1.38108693633918
"160",31,6,0.028227498867174,0.912717985366302,2.08828467275913,-1.39948839867095,-1.13006898584628,-2.11560484735056,0.410495360047142
"161",32,1,0.308790177224488,0.753584643057546,-0.21827203187936,-0.960330331238964,-1.54676599637944,-1.16441746946144,-0.3926230040568
"162",32,2,0.10399595299744,0.547077503700577,-0.296064630774503,0.879482796464422,0.898005474758572,-0.237938738874664,0.279868359545396
"163",32,3,0.562231966917095,0.880678329963439,2.23159834335663,0.683862366635755,0.741019253732614,0.27640198858081,-0.291309485185639
"164",32,4,0.174150162064887,1.35202373632362,-0.0183959548192506,-0.215203571699147,-0.233403187948442,0.574191539810683,-1.00301221645368
"165",32,5,0.302982113460991,1.4649544674653,0.144852246235758,-0.00395925021199246,0.206028842228443,0.457519198308608,0.325857329979576
"166",32,6,0.4462084103315,0.960612471433014,-0.2634669140543,-1.39948839867095,-1.13006898584628,-2.11560484735056,-3.70415984683396
"167",33,1,-1.63384009744907,0.580632150365895,-0.21827203187936,-0.960330331238964,-1.54676599637944,-1.16441746946144,2.15483087175835
"168",33,2,0.364082316514902,0.169501316093948,-0.296064630774503,0.455442221065149,-0.454883817635278,0.592250017573301,1.13179674664119
"169",33,3,0.528857614509216,0.675267042711896,2.23159834335663,-0.442215048670297,-0.322297985217343,0.252487484403431,1.97813414691225
"170",33,4,-1.81450641164731,-0.542132286729583,0.405083908998136,0.069319817783786,-0.233403187948442,0.17321873047134,0.738909752962181
"171",33,5,-0.0983531587163833,-0.232984426688933,0.144852246235758,0.121691899357421,-0.142270515928351,0.311696110168896,2.91530687534465
"172",33,6,-0.574342469209759,0.515211695144954,-0.2634669140543,-1.39948839867095,-1.13006898584628,-2.11560484735056,0.993270569690947
"173",34,1,-0.420039944980892,0.455314507583627,-0.21827203187936,-0.960330331238964,-1.54676599637944,-1.16441746946144,0.358887861237581
"174",34,2,0.108039376548604,0.280011919957744,-0.296064630774503,0.559462727207521,0.332223552597254,0.537598572370826,-0.251078208682232
"175",34,3,0.525700679349345,0.736212069807057,-0.298832823422934,0.126338098985703,-0.0736978092827159,0.252487484403431,0.867584782846711
"176",34,4,-2.39109362127811,-0.342154636038431,1.12902751785393,0.235525272915723,0.146668631549305,0.17321873047134,0.276852132904162
"177",34,5,-1.56703993497557,-0.3167781786218,1.46381139586733,-0.203023389915655,0.333379633716354,0.220655414631704,0.535245875067268
"178",34,6,-0.6292568900614,0.426251116980724,-0.2634669140543,-0.689860760930362,-1.13006898584628,-2.11560484735056,1.00662345469347
"179",35,1,0.18404412366524,0.414294193008952,-0.21827203187936,-0.960330331238964,-1.54676599637944,-1.16441746946144,0.501743446670343
"180",35,2,0.975784382343987,0.683584162683141,-0.296064630774503,-0.376115890509023,0.950641542367862,0.197423813313622,0.384682312956091
"181",35,3,0.737895855134119,0.837894042533763,-0.298832823422934,0.15973860463369,0.508763523232235,0.0231838631225408,0.918508909399541
"182",35,4,-0.0484736099275911,-0.461541672048269,-0.742339563675049,-0.0758745927599982,0.766911550284606,-1.31271541233147,0.809387911824014
"183",35,5,-0.365356847318388,0.186266678982985,-0.687318325012107,-0.608883365759787,0.0521562910815344,-1.32662749668743,1.13654082761787
"184",35,6,0.359120816221249,-0.287206755765855,-0.2634669140543,1.64833588133792,-1.13006898584628,1.39667232415034,1.1951463896579
"185",36,1,-2.66017214349015,0.0726104650972881,-0.21827203187936,-0.960330331238964,-1.54676599637944,-1.16441746946144,1.07542374844912
"186",36,2,0.0268116696988009,0.40654380216312,-0.296064630774503,0.193997473451841,0.23768192449968,-0.321809191674177,-0.251078208682232
"187",36,3,0.446419731644604,0.634452349356588,-0.298832823422934,0.0513926297120736,0.392303509147695,-0.692263025648095,0.428827244457431
"188",36,4,-1.24347353678757,-0.171361390719669,-0.742339563675049,0.281769150907469,-0.233403187948442,-1.18792612295762,0.0889608597127653
"189",36,5,-0.350512157885618,0.461159846436216,0.144852246235758,0.258954807950231,0.333379633716354,-3.34560435301906,-0.3534401634463
"190",36,6,-0.896584244899744,-0.613997503930722,-0.2634669140543,0.257291679464097,0.869723098518438,0.759266262574921,0.560214966236166
"191",37,1,-1.36508529370778,-0.356297749326464,-0.21827203187936,-0.314056665437358,-1.54676599637944,0.260949882376002,0.125988014023153
"192",37,2,0.272168963064344,0.468416765841437,-0.296064630774503,0.439465197651086,0.396775224460582,0.0167320283737404,0.572069341635326
"193",37,3,0.472018553125249,0.61861843360274,-0.298832823422934,0.247635759453901,0.411698427487442,0.404558350325807,0.967265383054525
"194",37,4,-0.86108700428367,-1.54730506621927,-0.742339563675049,1.80327511756676,0.560789415439039,0.642498358910219,-0.181333277329971
"195",37,6,-0.806509191286272,-1.59549714774835,-0.2634669140543,1.2343190818785,0.417722155693653,1.30664492969318,0.51327737223472
"196",38,1,-0.263976734801689,0.138463195603343,-0.21827203187936,0.592131144263698,-1.54676599637944,0.0716532285327928,0.125988014023153
"197",38,2,0.714735621101013,1.09783643971517,-0.296064630774503,-0.201226497354994,0.711824139273386,0.41155823263342,0.88161462178615
"198",38,3,0.431129439735601,0.869510403603217,-0.298832823422934,-0.766197723887411,0.350963575340553,0.560512380246621,0.34978872009642
"199",38,6,-2.32736513553762,-1.08335913185966,-0.2634669140543,0.567062756649846,1.25965755804922,1.20458028779269,-0.215362111004941
"200",39,1,1.14909468410595,0.142470288014456,-0.21827203187936,-0.552577046535035,-0.515029945943821,-0.340370337465286,-0.0975033572075924
"201",39,2,0.759798873713135,1.25492462314385,-0.296064630774503,-1.27304206751227,0.727685172418103,-0.0977833018633896,-0.251078208682232
"202",39,3,0.715330930887683,0.91214894747802,-0.298832823422934,-1.41416307432164,0.405321022701759,-0.324940447366934,1.05896264632284
"203",40,1,0.418823994633083,0.806650725971578,-0.21827203187936,-0.960330331238964,-1.54676599637944,-1.16441746946144,-3.81120691558328
"204",40,4,0.99712649052844,0.692737088387187,0.705547654036548,-0.965851388861084,0.560789415439039,0.305697969107305,-2.20364205727408
"205",40,5,0.443824385616236,0.183321908589741,0.144852246235758,-1.56423296802196,-0.655931907191769,0.396952425099909,-2.5818055803232
"206",40,6,0.696377522740794,0.281946122098389,3.46397116205646,-0.50403801745662,-1.13006898584628,-0.436157525990124,-1.24411143494412
"207",41,1,0.138463977206655,0.808092225087018,-0.21827203187936,-0.960330331238964,-1.54676599637944,-1.16441746946144,-1.30158388120366
"208",41,2,0.0358296722287389,0.979035965593992,-0.296064630774503,-1.27304206751227,-1.35001205398677,-1.97938894762781,-0.62779079394404
"209",41,3,0.394757842290343,0.849210418739106,-0.298832823422934,-1.41416307432164,-1.63958129019803,-2.01838802290289,0.0735124513767145
"210",41,4,-0.328350854657779,-0.0745951469225849,1.12902751785393,-0.565392501602148,-0.363027651854618,0.17321873047134,-1.97454935215701
"211",41,5,0.485497000574572,0.928966813385267,0.144852246235758,-1.56423296802196,-0.655931907191769,-0.0382860721838221,-0.221477378854588
"212",41,6,0.767056831009407,1.41607083596834,-0.2634669140543,-1.39948839867095,-1.13006898584628,-2.11560484735056,-0.276218416761817
"213",42,1,-0.338753247666699,1.21235338436512,-0.21827203187936,-0.960330331238964,-1.54676599637944,-1.16441746946144,-2.31969746874787
"214",42,2,-0.159844093864059,-0.324819081219922,5.1905287821615,1.50306470385492,-1.35001205398677,0.235501859102008,-2.06639651566111
"215",42,3,0.074184753693003,-0.484595100072209,5.57664639490115,1.25338705527524,-1.63958129019803,0.343488252225928,-1.08538181665563
"216",42,4,0.937665857999737,1.59291221664428,1.66254904969718,-0.399187046470211,0.990339889717881,-1.76943286905522,-0.461720087858217
"217",42,5,1.10690131471974,1.5368270013815,1.24492190410678,0.574704457619516,-0.520821288341036,-1.48473187586925,-1.40866976980591
"218",42,6,0.298268297741209,0.223505469632206,5.81572274886988,-1.39948839867095,-1.13006898584628,-2.11560484735056,-3.70415984683396
"219",43,1,-1.63384009744907,0.689350426395842,-0.21827203187936,-0.960330331238964,-1.54676599637944,-1.16441746946144,-0.0168675714096095
"220",43,2,-2.93676855386525,-2.33348042422678,-0.296064630774503,-0.433712028268144,1.69308807494054,1.39679866724712,0.810814927773025
"221",43,3,-1.77916358596383,-2.01943964767982,-0.298832823422934,-1.41416307432164,0.816964893770964,1.28289368830576,0.34978872009642
"222",43,4,0.0277435154006366,0.685222164466261,1.66254904969718,0.611395766381364,-0.0220742591736542,0.800258573944169,0.664242377461711
"223",43,5,0.803446336696857,1.12546916796537,1.46381139586733,0.66105843358766,-0.520821288341036,1.3478827372862,0.858699952555967
"224",43,6,-0.253210028630931,0.18637574318505,2.08828467275913,-1.39948839867095,-1.13006898584628,-2.11560484735056,0.292983189067758
"225",44,1,-0.338753247666699,0.166729458789448,-0.21827203187936,-0.960330331238964,-1.54676599637944,-1.16441746946144,-0.659225726306632
"226",44,2,-2.18382549894958,-2.51513766660188,-0.296064630774503,-0.279867312036603,-0.545968126876932,0.706765347810431,-0.425934277051334
"227",44,3,-1.77916358596383,-2.01943964767982,-0.298832823422934,0.475592236714645,-1.63958129019803,0.815863507251691,-0.291309485185639
"228",44,4,-0.715241563312389,-0.73344294365903,0.405083908998136,-0.164933614343212,-0.363027651854618,0.538778083725467,-1.4650698365117
"229",44,5,-0.395333856678231,-1.57040780289879,0.631640824619462,-0.883628178968806,-1.03448267960445,0.772752776282643,-2.36837451767623
"230",44,6,-1.13950789895484,-0.114978224624232,2.08828467275913,-0.951763208063786,-1.13006898584628,-2.11560484735056,-0.784563716834516
"231",45,1,-2.66017214349015,0.649822309673169,-0.21827203187936,-0.960330331238964,-1.54676599637944,-1.16441746946144,0.0573101609049029
"232",45,2,-1.20573945383669,-0.960693658812254,-0.296064630774503,0.193997473451841,-1.35001205398677,0.41155823263342,-1.15873736217167
"233",45,3,-0.762970937629541,-1.76641920907137,-0.298832823422934,-0.0379081543878028,-1.63958129019803,0.896131873143257,-1.41495161135546
"234",45,4,-0.253368283553439,0.184593781676219,0.938605440841377,0.516022583034467,0.146668631549305,0.347271085776205,-0.823201556920838
"235",45,5,1.38228854838855,0.688259350832339,0.977022817483623,-0.433772882886683,-1.03448267960445,0.457519198308608,-1.06070954318468
"236",45,6,-0.362563789662767,0.524917252687317,-0.2634669140543,1.37185198177852,-1.13006898584628,1.08675530577121,-0.276218416761817
"237",46,1,-2.66017214349015,-1.39811249872631,-0.21827203187936,0.548536118681949,0.392199897170628,1.43288875367252,-1.03498115895382
"238",46,2,-1.98666020168268,-1.82357716114023,-0.296064630774503,0.455442221065149,-0.0686131641767402,1.79471894374905,-1.53544994743348
"239",46,3,-1.77916358596383,-2.01943964767982,2.23159834335663,0.882052097488535,-0.0736978092827159,2.11404180543649,-0.291309485185639
"240",46,4,-0.942926763458356,-0.479178937347366,0.405083908998136,-1.60056370824702,-0.945891326467311,-0.966847518553589,-0.526171707141449
"241",46,5,0.291786014723068,-0.940480483562094,1.24492190410678,-1.56423296802196,-0.520821288341036,-0.6409280012923,-1.06070954318468
"242",46,6,-1.80182090686343,-4.22104537510431,-0.2634669140543,0.859013919916481,-1.13006898584628,0.776838287392086,-3.70415984683396
"243",47,1,-2.01262871859896,-0.267017358187729,-0.21827203187936,0.670682807576754,1.24714391567324,1.28885172699676,0.544854797689431
"244",47,2,-2.65887967504087,-2.51513766660188,-0.296064630774503,-0.0263371042009662,0.839163357392982,1.66108823496051,-2.97405566915054
"245",47,3,-1.77916358596383,-2.01943964767982,2.23159834335663,0.610057196046425,0.635001627532774,1.59916157930322,-2.67352647959563
"246",47,4,0.808474236749577,-0.927856902738958,1.93657012022935,-0.965851388861084,-0.121117369922888,-1.60051172531091,1.13023896969038
"247",47,5,0.909063887300801,-0.669120891411588,1.80919338873149,-1.56423296802196,-0.220348636383679,-0.833017379173581,0.0448732951558325
"248",47,6,-0.078394710870119,-0.203110437542718,-0.2634669140543,1.44694778439165,-1.13006898584628,0.874547650184226,0.48876258657283
"249",49,1,0.383566690089498,0.456969471345356,-0.21827203187936,1.04047042680323,1.24714391567324,0.89570036052895,-0.18582986701544
"250",49,4,0.565039862770878,-1.11831875856804,-0.0183959548192506,1.03644304743359,0.219836022758076,1.73331311075372,-0.0389322604623772
"251",49,5,1.00183500056202,-0.492861384205693,2.29598196711519,1.07249561194703,0.90335089363301,1.3478827372862,0.325857329979576
"252",49,6,0.591778085979854,0.903458167134,-0.2634669140543,0.932915102414414,0.593060196594319,1.05119775901266,0.292983189067758
"253",50,1,-0.338753247666699,0.682490626235607,4.51095532550678,2.29939354172438,0.838945664389119,-0.00772108345301091,0.125988014023153
"254",50,2,-1.03655184950011,-1.74035309579427,-0.296064630774503,1.4925695311917,0.194212730244048,0.680033849979699,1.13179674664119
"255",50,3,-1.45859049736649,-1.76641920907137,-0.298832823422934,0.0903658773651306,-0.12965765115741,0.712583246168997,0.264890314852845
"256",50,4,-0.180365683467016,-1.6387843032928,2.48603745576689,-1.20010482098808,-0.121117369922888,0.538778083725467,0.276852132904162
"257",50,5,0.291786014723068,-0.996648723813653,2.07709247535464,-1.56423296802196,-0.821293940298393,0.311696110168896,0.207951125821892
"258",50,6,0.667193643965303,0.565512631130368,-0.2634669140543,1.98289133490519,-1.13006898584628,0.722861791169635,0.48876258657283
"259",51,1,-0.338753247666699,0.538222531377555,-0.21827203187936,2.01031635389141,1.28205295840262,1.0983554272259,-0.0975033572075924
"260",51,2,-1.60312287437136,-1.88716678051199,-0.296064630774503,-0.974066675177853,0.365541268205908,0.353088566584188,0.481724876438103
"261",51,3,-1.77916358596383,-2.01943964767982,-0.298832823422934,0.298215676143823,0.15832324128062,0.512386971592368,-0.156376743115299
"262",51,4,1.9358001944111,-0.989399077927124,2.33292041056514,-1.60056370824702,-1.28684471914828,0.426967815975593,0.611879338686665
"263",51,5,1.60944730083684,-1.32799075579981,2.29598196711519,-1.56423296802196,-1.84861672282523,-0.323614894246661,0.43450609033581
"264",51,6,-0.896584244899744,-0.319270292656245,-0.2634669140543,1.02998702291299,-1.13006898584628,1.05119775901266,0.582714574607016
"265",52,1,0.0400353734831921,0.4305708097069,-0.21827203187936,1.91204450967849,0.915836091927894,0.837185183701914,-0.828188021912463
"266",52,2,-1.12806869828007,-1.29403945207948,-0.296064630774503,1.97830974753197,0.551722603691093,-0.199860693086278,0.384682312956091
"267",52,3,-1.45859049736649,-2.01943964767982,-0.298832823422934,2.09164590301583,0.219058093427509,0.299505673581205,-1.08538181665563
"268",52,4,0.606000802309052,-1.38951034685826,2.08602891351456,-0.565392501602148,-1.86970839376097,-0.135288008846527,-0.59410885180377
"269",52,5,1.28188834517595,-1.27386531556762,2.19151886126222,-1.56423296802196,-1.84861672282523,-1.66397583756994,-0.264082625980418
"270",52,6,-0.0241820386182175,-0.128181616902623,-0.2634669140543,0.625824240328,-1.13006898584628,1.01390502554869,-0.215362111004941
"271",53,1,0.71317513070014,0.378214098564997,-0.21827203187936,1.17952935025578,0.562796524829771,0.816326048543146,-0.18582986701544
"272",53,2,-1.35867273971404,-1.8544362891948,-0.296064630774503,1.7483758937335,0.365541268205908,1.32608252549714,0.384682312956091
"273",53,3,-1.77916358596383,-2.01943964767982,-0.298832823422934,1.99528868101476,0.15832324128062,1.69645891274825,0.0735124513767145
"274",53,4,1.36558038023919,-0.944458770351471,2.15343487174815,1.38334000232877,-0.51634085218847,1.83848277676552,0.00516107399053811
"275",53,5,2.7910927313149,-0.388386993008083,0.631640824619462,1.49752875332649,-1.84861672282523,1.91233892651383,-0.3534401634463
"276",53,6,0.40616563562016,-0.288646209703451,-0.2634669140543,0.205589620283971,-0.0735371648605857,0.403566134690097,0.72500259764184
"277",54,1,0.346926398338712,0.617771539289433,-0.21827203187936,1.36404268808981,-0.349376034071147,-0.0993520019430014,-3.81120691558328
"278",54,2,-2.46171437777397,-2.26138845967641,-0.296064630774503,0.762189541069516,1.24980862940626,0.86072563491958,-0.251078208682232
"279",54,3,-1.03481592508485,-1.6184117405694,-0.298832823422934,1.10898243120021,0.711621660193775,1.08504919556488,-0.291309485185639
"280",54,4,2.15323372331055,-0.383999342450663,1.12902751785393,0.54491560595422,-0.363027651854618,0.262883682217021,-0.132051231745752
"281",54,6,0.916416644513599,-0.707515865386024,-0.2634669140543,0.0878224907957933,-1.13006898584628,0.00362172185380955,0.0775337652865769
"282",55,1,0.738088812145799,0.626144387373836,-0.21827203187936,1.07843609228068,0.233126889539401,-0.51137556794108,-0.0168675714096095
"283",55,2,-0.327840805973977,-0.773004088197335,-0.296064630774503,1.41094371971199,1.38382810764604,0.177482602104012,-0.425934277051334
"284",55,3,-1.77916358596383,-1.6184117405694,-0.298832823422934,1.5615774108095,0.989384749730198,0.321851722663807,-0.444283611373576
"285",55,4,1.34490878600688,-0.73344294365903,1.29002708993842,0.635984160174659,-0.51634085218847,0.800258573944169,-1.78085422987824
"286",55,5,1.92998555738017,-0.0934658511557842,0.631640824619462,1.14259908293715,-1.03448267960445,0.571023602953223,-0.551572050753784
"287",55,6,0.834701740034948,-0.17652769838641,-0.2634669140543,1.27669039439044,-1.13006898584628,1.23379464947066,-0.0559242335948553
"288",56,4,-0.0313539710253556,-0.528478610649211,-0.742339563675049,0.469778705042722,-0.0220742591736542,0.675469284570313,-2.84551033686495
"289",56,5,2.21161254461118,0.365296221353394,1.95059997425103,0.725294472850225,-1.84861672282523,1.64741630298478,-2.18349212172107
"290",57,1,0.831587548556426,0.898795241828547,-0.21827203187936,-0.960330331238964,0.983658255618643,-0.340370337465286,-0.828188021912463
"291",57,2,-0.215696021606304,-0.719991415062521,2.80152903217198,0.470848512916128,1.29190346081207,1.19240235609426,-0.62779079394404
"292",57,3,-1.77916358596383,-1.14413274219627,-0.298832823422934,-0.900662683219191,0.946163191590842,1.19723799445496,-0.620879279885467
"293",57,4,0.751203338301497,-0.950022734275495,0.405083908998136,0.40173072804766,-0.945891326467311,0.218751827846567,-0.909893245170308
"294",57,5,1.4101950219785,-0.305117618123013,0.977022817483623,0.568369497763432,-0.655931907191769,0.69234935964421,-1.31314491131663
"295",57,6,1.35925739555334,0.128748977579097,-0.2634669140543,1.50707776627697,0.982994656125104,0.703988007169565,-1.24411143494412
"296",60,2,-0.335498520321996,-0.908685672119458,1.65829937565283,0.553256428537355,1.24428834582605,0.723974517326554,-0.425934277051334
"297",60,3,-1.27106726179669,-0.563335487740124,-0.298832823422934,0.143336634044745,1.26508733333482,0.442428839230908,0.0735124513767145
"298",60,4,0.0937720349005893,0.281575861128804,1.12902751785393,-1.20010482098808,-0.703981044535582,-0.385340772455987,-0.341959883412163
"299",60,5,0.821386086009388,0.601786273784613,1.80919338873149,0.477581399137495,-0.142270515928351,0.12298793243118,-1.7425734159931
"300",60,6,0.928940295187825,0.373573794987417,-0.2634669140543,1.8455913287925,0.593060196594319,0.947397930406748,-0.491667840542999
"301",61,1,0.0905453872546123,0.773788035603061,-0.21827203187936,1.26577084387688,-0.069809538169749,1.04302021250145,0.249735150840223
"302",61,2,0.0958368292064189,0.0274800478450376,1.65829937565283,0.20814071808736,1.36018762674116,0.41155823263342,0.384682312956091
"303",61,3,-0.629921084602005,-0.197775393152187,-0.298832823422934,-0.013933248044026,1.32523318927412,0.227703173550395,-0.829747623782733
"304",61,4,0.126204229062948,1.46831012455167,1.29002708993842,-0.164933614343212,-0.121117369922888,-1.18792612295762,0.167519632233148
"305",61,5,0.739543282519626,1.39755013454732,1.46381139586733,0.66105843358766,-0.655931907191769,-0.55429563729434,-0.721322478818553
"306",61,6,0.544733266580944,0.578752218066405,-0.2634669140543,1.20061069073075,0.869723098518438,1.10957340070495,-0.00898663959340889
"307",63,1,0.517252598356546,0.707729546216514,-0.21827203187936,-0.0135565237023048,0.516706104491796,0.61631875618133,0.358887861237581
"308",63,2,-1.26288573192399,-0.0978783198276801,3.61266338208017,-0.500201889689409,1.40438988140834,0.581693543955044,0.948781926897135
"309",63,3,-1.77916358596383,-0.732207568182461,-0.298832823422934,-1.09018039910452,1.27342280192242,0.404558350325807,1.29683517775435
"310",63,4,-0.50488822483535,0.724987181989912,1.66254904969718,-0.270268079814229,-0.51634085218847,0.0272448298973047,0.584856123124496
"311",63,5,-0.221013163812045,1.5201741736125,-0.687318325012107,-0.386980104498738,-0.220348636383679,-0.096657692413936,0.759048231755138
"312",63,6,1.10575019321617,0.764396276399326,-0.2634669140543,-0.359902699811373,0.203125737063533,0.134975365285415,0.292983189067758
"313",64,1,-0.986296672557885,0.119346939569676,-0.21827203187936,0.548536118681949,1.57450193463737,0.445313525705536,-0.516370140873871
"314",64,4,-3.25408341564514,-1.24943407227521,0.405083908998136,-0.965851388861084,-0.945891326467311,-0.318623063880581,-1.33268107256615
"315",64,5,-0.0200361025337774,-0.446138074632933,-0.687318325012107,-0.883628178968806,-0.655931907191769,-0.221616295022572,-1.7425734159931
"316",64,6,0.134987346441666,0.412477134767121,-0.2634669140543,-0.142564881090745,1.70158828626691,0.374719337056466,-0.491667840542999
"317",65,1,0.994469823229899,0.890361111628902,4.51095532550678,-0.0135565237023048,1.33462064449169,0.141666333579283,0.768346168920176
"318",65,2,0.205576981213821,0.0303905010429212,-0.296064630774503,0.439465197651086,1.306817421482,0.135594056893121,-0.251078208682232
"319",65,3,-0.49687123157447,-0.151211549042931,2.23159834335663,0.414348552582245,1.22106424059307,0.0881371252208576,0.173193051584529
"320",65,4,0.158260389311515,0.142517872858093,0.405083908998136,-0.270268079814229,-0.363027651854618,0.305697969107305,0.93948999434968
"321",65,5,1.26718458728447,1.28188589126754,-0.687318325012107,0.420713470808455,0.442021126648081,-0.0382860721838221,0.408132697116541
"322",65,6,0.762442232057552,1.08793216139665,-0.2634669140543,0.502415756971003,1.08431951714856,0.484098383247598,0.625944783828325
"323",67,1,1.06636741952427,0.304675725241559,4.51095532550678,0.592131144263698,0.632256876975498,-1.16441746946144,0.358887861237581
"324",67,2,0.0750036657974442,0.0235748752254102,-0.296064630774503,-1.27304206751227,1.26601266330653,-0.163959756566141,-0.62779079394404
"325",67,3,-0.442397849032201,-0.0710710127178224,-0.298832823422934,-1.41416307432164,1.19377204643755,0.343488252225928,-0.444283611373576
"326",67,4,-0.244136846432918,1.05401430282636,0.405083908998136,0.0362971128723406,-0.233403187948442,-2.18201847140851,0.638333601966781
"327",67,5,-0.7185187706239,0.493656245943867,0.631640824619462,-0.145197505034905,0.442021126648081,-1.87089780556579,0.408132697116541
"328",67,6,1.00206145123445,0.949865932696139,-0.2634669140543,0.597111472783056,-0.0735371648605857,1.03896790745707,0.2272533714756
"329",68,1,0.762355311239388,0.737919530946293,-0.21827203187936,-0.552577046535035,0.148709258690751,-1.16441746946144,0.586049442907283
"330",68,2,0.364082316514902,0.226234594847226,-0.296064630774503,0.339128149554714,1.19472662995478,-0.0379194168287352,0.810814927773025
"331",68,3,-0.190981573225563,-0.020358862537577,-0.298832823422934,-0.0898959281628078,1.18265063953934,0.0881371252208576,0.264890314852845
"332",68,4,0.0360838319787276,0.72990401755427,-0.742339563675049,0.383388233472835,-0.121117369922888,-1.31271541233147,-0.0846293361584573
"333",68,5,-0.48765803150181,0.729974896795695,-0.687318325012107,0.622640315864902,0.250955126948944,-0.0671546202397319,-0.308040644372112
"334",68,6,1.12054733870374,1.53749462199896,-0.2634669140543,-0.142564881090745,0.869723098518438,0.344741007883132,0.582714574607016
"335",69,1,0.896041219506436,0.750532879801135,-0.21827203187936,0.592131144263698,0.829732302177331,0.404302482545068,0.456528287881584
"336",69,2,0.0834130756460996,0.145026291994997,-0.296064630774503,0.148552288953062,1.21278572563329,0.135594056893121,0.572069341635326
"337",69,3,-0.371104823643735,-0.281096952930798,-0.298832823422934,-0.0898959281628078,1.13120161110766,-0.0486186369082696,0.637695588354697
"338",69,4,-0.484707019545264,0.639544842119368,-0.742339563675049,0.259109774100689,-0.945891326467311,0.608751575994907,0.44026793234793
"339",69,5,-0.917512299580355,0.703741825338554,-0.687318325012107,0.336343144314583,0.62073589473592,-0.254762071595757,-0.0261454142009243
"340",69,6,1.52149149595678,0.708992201630151,-0.2634669140543,0.349724937929218,1.75091687860346,0.134975365285415,0.686801089585199
"341",70,1,1.37325844437979,0.697131389364802,-0.21827203187936,-0.960330331238964,0.915836091927894,-0.00772108345301091,-1.30158388120366
"342",70,2,-0.171868232171266,-0.026707403713482,-0.296064630774503,-0.325312496535381,1.2098208470152,-0.0379194168287352,0.0411227734076978
"343",70,3,-0.221825614008605,-0.160061226881999,-0.298832823422934,0.15973860463369,1.07349696549864,-0.0117721804090181,-1.41495161135546
"344",70,4,-0.216626043838023,1.42328440835118,-0.742339563675049,0.469778705042722,-0.233403187948442,0.0775718217682761,0.529001101295769
"345",70,5,0.495799394361413,1.42863758300131,-0.687318325012107,0.121691899357421,-0.00715989707761807,0.0447714941028265,0.176836079747546
"346",70,6,0.767056831009407,1.20223488791346,-0.2634669140543,-0.142564881090745,1.47425397667934,0.281008323828968,0.979696965876717
"347",71,1,-0.71754186881659,-1.20198965301886,-0.21827203187936,-0.144823761831105,-0.115899958507723,-0.340370337465286,0.734643293884772
"348",71,2,0.0402945629645288,0.166501931931002,-0.296064630774503,-0.974066675177853,1.1532040365844,-0.0671384244257724,1.07358825886582
"349",71,3,-0.162066583018832,0.0281933136673966,-0.298832823422934,0.0903658773651306,1.17762297862419,-0.219887770622332,0.34978872009642
"350",71,4,-0.0917422997171855,1.73759088376813,-0.742339563675049,-0.476333480018934,0.219836022758076,-0.318623063880581,1.3563786038984
"351",71,5,-0.410468672366977,0.91923380379957,-0.687318325012107,-1.56423296802196,0.646740553863243,-0.997590858814639,1.5888551637692
"352",71,6,1.44546006286087,0.784433318977338,-0.2634669140543,-0.359902699811373,1.53632045997334,-0.0457082590534959,0.437421848863899
"353",72,1,-0.420039944980892,-2.72668545468013,-0.21827203187936,1.04047042680323,-0.166003097896696,0.816326048543146,0.408993410924052
"354",72,2,-0.108202731348636,0.261414636006132,-0.296064630774503,1.59931328232734,0.687046470611397,0.632786365501907,0.384682312956091
"355",72,3,-0.121824760434861,0.0918377628197444,-0.298832823422934,1.67383938977124,0.875318239563626,0.460603074616745,-1.87945414812563
"356",72,4,-0.405423799313687,1.21715960641167,-0.742339563675049,-0.565392501602148,-0.703981044535582,-2.44349896162722,0.00516107399053811
"357",72,5,-0.616757131264782,0.781312644637456,-0.687318325012107,0.91184958996612,0.0521562910815344,-0.997590858814639,0.858699952555967
"358",72,6,0.463062949775164,-0.0768033560269428,-0.2634669140543,-0.142564881090745,1.08431951714856,-0.282774997210101,0.706123965429593
"359",73,1,-2.66017214349015,-2.51191237574208,-0.21827203187936,0.450264274469026,-0.748506021507244,1.19562074198102,0.920610230336621
"360",73,2,-0.22875086020569,-0.0929924243939141,-0.296064630774503,-0.974066675177853,0.727685172418103,1.07788702585713,0.384682312956091
"361",73,3,-0.81744432017181,-0.197775393152187,-0.298832823422934,0.423604462939639,0.985614019438412,0.724862739429194,0.264890314852845
"362",73,4,-0.815386577863536,1.51236827074733,-0.742339563675049,1.1507349024204,0.690413879345216,-0.867899867078719,0.68962770737796
"363",73,5,-0.684100570862222,0.822994882773733,-0.687318325012107,1.16768266564503,-0.00715989707761807,1.54605981606534,1.32731080698957
"364",73,6,0.647433078891176,0.697411774541364,-0.2634669140543,0.705016870071264,1.53632045997334,-0.155087305244628,1.0944672834441
"365",74,1,-0.509079447684532,-1.60882472787566,-0.21827203187936,1.35261973418772,-0.281553870380397,0.931737112273239,0.544854797689431
"366",74,2,0.0792212686705474,0.28244385091996,-0.296064630774503,1.92612609536972,0.540495601311526,0.788451118772475,1.07358825886582
"367",74,3,0.0301048243914685,0.142122010527116,-0.298832823422934,1.76792153573503,0.875318239563626,0.404558350325807,0.572214668553005
"368",74,4,-1.47803716213442,1.33015345484997,-0.742339563675049,0.598697671698704,-0.121117369922888,0.574191539810683,0.611879338686665
"369",74,5,-1.26307520687018,0.825053675899568,-0.687318325012107,0.765303688022262,0.293312754879739,0.437632379060557,0.819695647070992
"370",74,6,0.691550920450129,1.27791939619806,-0.2634669140543,0.305160309516422,1.40790375931967,0.344741007883132,0.686801089585199
"371",75,1,-1.15662287257572,-1.65125870461305,-0.21827203187936,1.26577084387688,0.791329884606725,0.857337091703615,0.456528287881584
"372",75,2,0.0999285327268885,0.309073850653934,-0.296064630774503,-1.27304206751227,0.365541268205908,0.438871031195169,0.165929105376379
"373",75,3,-0.714242836487511,0.183700179040588,-0.298832823422934,0.423604462939639,0.718313454238952,0.227703173550395,-0.291309485185639
"374",75,4,0.275265698333799,2.17062743598241,-0.742339563675049,0.0362971128723406,-1.28684471914828,0.0775718217682761,0.529001101295769
"375",75,5,0.596385926972317,2.05476705773575,-0.687318325012107,-1.02486643379172,-0.307632549034975,-0.4729170402663,1.47044447380507
"376",75,6,-0.439923341358828,0.710272215241471,-0.2634669140543,-1.39948839867095,1.25965755804922,-0.628249562347777,0.604614121326031
"377",76,1,0.383566690089498,-0.551090053568171,-0.21827203187936,-0.960330331238964,1.6303094747582,-0.207728375814827,1.12176975170345
"378",76,2,0.306211813311953,0.492378349107005,-0.296064630774503,-0.799177282023824,0.614251679347045,0.0670064844692853,1.29234146644553
"379",76,3,0.205127590752005,0.42608788538439,-0.298832823422934,-0.504628716389483,0.968265294023756,0.299505673581205,0.75839703915726
"380",76,4,0.416700151122218,2.57142579574794,-0.742339563675049,-1.60056370824702,0.802699697370769,0.0272448298973047,0.87612205869847
"381",76,5,0.711608845857816,2.28431767145301,-0.687318325012107,-1.56423296802196,-1.33495533156181,-0.6409280012923,1.69793211688606
"382",76,6,0.035574292667795,1.15301213294364,-0.2634669140543,-0.0563128268494533,1.33663436648951,-0.746074544369251,0.761505688683534
