variable,MSE,MSE_SE,MAE,MAE_SE,correlation,count,covars,tau_,regularization
MacJuv,0.6895986228604121,0.23890084706551584,0.626797893238065,0.12180374047884066,0.8128561989715781,21,String[],0.2,0.0
MacPyr,1.8845293966175498,0.49597111322705983,1.0858759279039123,0.18780346985830268,0.377555183329955,21,String[],0.2,0.0
MacJuv,38.751037722283286,5.706758196613125,5.663214028720956,0.5778860003141387,-0.3968473865473993,21,"[""StrPur""]",0.05,0.0
MacPyr,11.11598128240221,2.248816136834471,2.954583721496711,0.34542845243761117,-0.6151365855047844,21,"[""StrPur""]",0.05,0.0
MacJuv,39.899094336331416,7.000232562598197,5.678709769273608,0.618520399529713,-0.36783761944939813,21,"[""PycHel""]",0.05,0.0
MacPyr,10.746568264430035,2.068798515570956,2.8607903757184525,0.35794180327440867,-0.6444822800820442,21,"[""PycHel""]",0.05,0.0
MacJuv,3.077739909476156,1.4213031078349032,1.1647453195453437,0.2933520282930878,0.3580522896878198,21,"[""StrPur"", ""PycHel""]",0.05,0.0
MacPyr,3.260844164412005,0.8237771704018576,1.4942581521860492,0.22671973216259086,0.35253693715673196,21,"[""StrPur"", ""PycHel""]",0.05,0.0
MacJuv,1.4681447776486096,0.4156189536471399,0.9525331533958127,0.16745527303289665,0.6616978125284362,21,String[],0.1,0.0
MacPyr,10.159715310491178,2.9482442158127276,2.6206706339397066,0.40569697675095123,-0.6453675387067878,21,String[],0.1,0.0
MacJuv,1.2359903201267604,0.32877233797566724,0.892656333744888,0.1481814748799417,0.5677624722780151,21,"[""StrPur""]",0.1,0.0
MacPyr,1.6989612973224557,0.47315420941477243,1.0512419923767296,0.17231534620953806,0.4717413520956351,21,"[""StrPur""]",0.1,0.0
MacJuv,7.728922085949624,2.276555135435809,2.1708555196906625,0.3883496104400136,0.3866561895694665,21,"[""PycHel""]",0.1,0.0
MacPyr,2.2017774181111442,0.5876272093938671,1.278975417910564,0.16822593416171636,0.5162490046817909,21,"[""PycHel""]",0.1,0.0
MacJuv,2.731592999949879,1.568588481654052,1.109850983685029,0.2738451929433172,0.4042880471154383,21,"[""StrPur"", ""PycHel""]",0.1,0.0
MacPyr,2.953226353919901,0.9467366764302584,1.3076069567270545,0.2493381640101364,0.4335097923579579,21,"[""StrPur"", ""PycHel""]",0.1,0.0
MacJuv,0.6895986228604121,0.23890084706551584,0.626797893238065,0.12180374047884066,0.8128561989715781,21,String[],0.2,0.0
MacPyr,1.8845293966175498,0.49597111322705983,1.0858759279039123,0.18780346985830268,0.377555183329955,21,String[],0.2,0.0
MacJuv,1.5859652843582717,0.41533506730673947,1.0762492300571767,0.14622805462010452,0.5225721286082471,21,"[""StrPur""]",0.2,0.0
MacPyr,1.698973693080892,0.5716792278755651,0.9393153591730803,0.20207181261898446,0.5060072443035152,21,"[""StrPur""]",0.2,0.0
MacJuv,6.2242172934474995,2.4493464447397115,1.7853095946482949,0.3896721022028803,0.25908987019735324,21,"[""PycHel""]",0.2,0.0
MacPyr,2.356630170329425,0.473155307891046,1.348443624741194,0.16406248218655223,0.5291147288402244,21,"[""PycHel""]",0.2,0.0
MacJuv,5.0344406891973605,1.1235488775820812,1.983558834464984,0.23451386306711958,0.28874032372218394,21,"[""StrPur"", ""PycHel""]",0.2,0.0
MacPyr,5.67141682974884,1.6896079089889589,1.8613717854981755,0.3321680226858221,0.28879504007029916,21,"[""StrPur"", ""PycHel""]",0.2,0.0
MacJuv,2.3037100241490323,0.6093744578152079,1.2859500128200108,0.18028346966336742,0.5176255388201284,21,String[],0.5,0.0
MacPyr,7.775020744563782,4.227689655757583,1.7744800458178456,0.48094912992738004,0.029906414930060438,21,String[],0.5,0.0
MacJuv,5.19089012729677,2.257874788113872,1.573718973029741,0.3683950814833841,-0.33200166030229206,21,"[""StrPur""]",0.5,0.0
MacPyr,3.2394736454453446,1.7615472976793873,1.2453496793256336,0.29056650027565867,0.22269604957342629,21,"[""StrPur""]",0.5,0.0
MacJuv,4.165311100815294,1.3604121270459553,1.5443014476776287,0.2983658944581362,0.27548396816526294,21,"[""PycHel""]",0.5,0.0
MacPyr,6.009538758787816,3.2481291950008746,1.692681255298209,0.396507813715562,0.14088572720583514,21,"[""PycHel""]",0.5,0.0
MacJuv,2.5295681295477155,0.61191425370992,1.3848453318514624,0.17489590281034736,0.45932985237219986,21,"[""StrPur"", ""PycHel""]",0.5,0.0
MacPyr,5.26618073834977,1.6742134717198627,1.7823686898717048,0.32321375216060905,0.10655281522327574,21,"[""StrPur"", ""PycHel""]",0.5,0.0
MacJuv,0.6895986228604121,0.23890084706551584,0.626797893238065,0.12180374047884066,0.8128561989715781,21,String[],0.2,0.0
MacPyr,1.8845293966175498,0.49597111322705983,1.0858759279039123,0.18780346985830268,0.377555183329955,21,String[],0.2,0.0
MacJuv,38.495535348597144,6.299740583318696,5.563536916944413,0.6141087982757542,-0.42775126196979896,21,"[""StrPur""]",0.05,10.0
MacPyr,10.708409929169017,2.20087550036845,2.8595796641477667,0.35575371210723605,-0.6544806822019674,21,"[""StrPur""]",0.05,10.0
MacJuv,37.08399951732547,6.533393520515824,5.482095799678059,0.5929007151487361,-0.3499827111866652,21,"[""PycHel""]",0.05,10.0
MacPyr,10.152166315675,2.1467549554955077,2.717067922176677,0.3721362802760243,-0.6314156174458859,21,"[""PycHel""]",0.05,10.0
MacJuv,1.6766887871966785,0.688308827815068,0.9542609781360395,0.19571340945417204,0.5618935278903531,21,"[""StrPur"", ""PycHel""]",0.05,10.0
MacPyr,1.6476129003765196,0.5543212680854298,1.0091637294672988,0.1773698773050503,0.5644413828294305,21,"[""StrPur"", ""PycHel""]",0.05,10.0
MacJuv,1.0580462803785324,0.21138548391782597,0.9229834558229657,0.10152532212596706,0.7081719169324047,21,String[],0.1,10.0
MacPyr,3.387479989650444,1.7432645000229745,1.3085181745436667,0.28941839752677734,0.11472533968144209,21,String[],0.1,10.0
MacJuv,1.7461289902505237,0.4594127142784844,1.1133672310623741,0.1591449652120711,0.5197607637392496,21,"[""StrPur""]",0.1,10.0
MacPyr,1.6259427371434287,0.4659911150050045,0.9878669736734421,0.18028610310679852,0.5896580204693169,21,"[""StrPur""]",0.1,10.0
MacJuv,2.1557342032583655,0.55511640295576,1.197526127896012,0.18995596545841234,0.49988628462827106,21,"[""PycHel""]",0.1,10.0
MacPyr,2.5501853999390787,0.9299446363414122,1.3004607536232613,0.20724227708465984,0.4522955116452328,21,"[""PycHel""]",0.1,10.0
MacJuv,2.30797876782933,0.7869527639292474,1.2368555630231073,0.19725200683999686,0.40684818372605347,21,"[""StrPur"", ""PycHel""]",0.1,10.0
MacPyr,5.677566877501297,1.728926739363582,1.9081970324522326,0.3190886211416658,0.26446989091150586,21,"[""StrPur"", ""PycHel""]",0.1,10.0
MacJuv,0.6895986228604121,0.23890084706551584,0.626797893238065,0.12180374047884066,0.8128561989715781,21,String[],0.2,0.0
MacPyr,1.8845293966175498,0.49597111322705983,1.0858759279039123,0.18780346985830268,0.377555183329955,21,String[],0.2,0.0
MacJuv,1.9011069466429236,0.45364255273277443,1.1860502728180207,0.15722463181563215,0.4031656390530574,21,"[""StrPur""]",0.2,10.0
MacPyr,2.373150219151261,0.6656979632165693,1.2324958588137196,0.20665238652847584,0.28156336029579826,21,"[""StrPur""]",0.2,10.0
MacJuv,1.1372443192995765,0.26063234840869787,0.9037699657842414,0.1265788624229827,0.6166402029865249,21,"[""PycHel""]",0.2,10.0
MacPyr,2.136444675231364,0.6055487467419572,1.215766150107255,0.18143281724714902,0.4869471858886948,21,"[""PycHel""]",0.2,10.0
MacJuv,2.312121156588669,0.508229827631749,1.2836962637677816,0.18224229187777852,0.5542593597369693,21,"[""StrPur"", ""PycHel""]",0.2,10.0
MacPyr,2.062755548345496,0.5456618490415714,1.2148750091167198,0.17129422940793212,0.5074725442243451,21,"[""StrPur"", ""PycHel""]",0.2,10.0
MacJuv,1.1422378751754005,0.27589410026626837,0.8983794395168242,0.12945119887989398,0.6333989755831442,21,String[],0.5,10.0
MacPyr,1.352182973606544,0.3923300875176545,0.9384069102426826,0.15355380887743,0.6478587651866531,21,String[],0.5,10.0
MacJuv,1.134656525394441,0.23995241665545267,0.9234542010326289,0.11872002021344803,0.647857042187121,21,"[""StrPur""]",0.5,10.0
MacPyr,1.6665010334275487,0.5240225304610953,1.0261537166189747,0.17514416680218245,0.5881944989844852,21,"[""StrPur""]",0.5,10.0
MacJuv,1.3841019655445597,0.3845559296932276,0.9676165908620811,0.14963624203932085,0.6012107128583981,21,"[""PycHel""]",0.5,10.0
MacPyr,2.432566555553672,0.6866065507793735,1.300442830230648,0.19253765876515855,0.44828791944214413,21,"[""PycHel""]",0.5,10.0
MacJuv,1.3357837822184409,0.3272878443306977,0.9610646128556519,0.14355113934327665,0.5899366449376506,21,"[""StrPur"", ""PycHel""]",0.5,10.0
MacPyr,2.7310124006274057,1.024163602014634,1.1896166882682226,0.2564980054134097,0.4517509262118939,21,"[""StrPur"", ""PycHel""]",0.5,10.0
MacJuv,0.6895986228604121,0.23890084706551584,0.626797893238065,0.12180374047884066,0.8128561989715781,21,String[],0.2,0.0
MacPyr,1.8845293966175498,0.49597111322705983,1.0858759279039123,0.18780346985830268,0.377555183329955,21,String[],0.2,0.0
MacJuv,21.90012885885275,5.6409441200653045,3.5021437861500457,0.6940863692647832,-0.3634741568367413,21,"[""StrPur""]",0.05,100.0
MacPyr,4.449331497432586,1.0808707535599038,1.7286527905162308,0.270286054696967,-0.32411161943951927,21,"[""StrPur""]",0.05,100.0
MacJuv,13.407725260788741,4.70726835549689,2.4873908008065717,0.600858230569058,-0.09970262415364071,21,"[""PycHel""]",0.05,100.0
MacPyr,2.8540957316146116,0.844925364705276,1.3685956760938067,0.22147704248882633,0.1521080201354107,21,"[""PycHel""]",0.05,100.0
MacJuv,0.9452367677214949,0.3122435313673612,0.8137444732982899,0.11896568830927325,0.7190981832934267,21,"[""StrPur"", ""PycHel""]",0.05,100.0
MacPyr,1.6745589258511226,0.48589473239972725,1.0569349561676806,0.16695020579231784,0.612537454709471,21,"[""StrPur"", ""PycHel""]",0.05,100.0
MacJuv,0.7222180496167946,0.2078629744194897,0.6799764175211158,0.11398467467864784,0.7701199565143098,21,String[],0.1,100.0
MacPyr,0.9961271651468092,0.35408725601732544,0.7696390067143691,0.14208852249399467,0.7414857240754398,21,String[],0.1,100.0
MacJuv,0.7580111556757484,0.21140194453015043,0.7206108635617801,0.10925455116206699,0.7527990963442293,21,"[""StrPur""]",0.1,100.0
MacPyr,1.3267840645561844,0.4329342504391416,0.8979948723838171,0.16130549800433905,0.6486628999053943,21,"[""StrPur""]",0.1,100.0
MacJuv,1.2205799576095007,0.34765568111881356,0.8967553764789781,0.14429306157358146,0.705997470109208,21,"[""PycHel""]",0.1,100.0
MacPyr,1.259570513873365,0.38241919986928125,0.9481618412205878,0.13426832030053668,0.6831637882827996,21,"[""PycHel""]",0.1,100.0
MacJuv,0.8490578377274192,0.1853946560760468,0.7923348500959894,0.10518158656599197,0.7467352520741444,21,"[""StrPur"", ""PycHel""]",0.1,100.0
MacPyr,1.6596686831034042,0.43422201231399743,1.084624525935833,0.15544425380853968,0.5954827532466175,21,"[""StrPur"", ""PycHel""]",0.1,100.0
MacJuv,0.6895986228604121,0.23890084706551584,0.626797893238065,0.12180374047884066,0.8128561989715781,21,String[],0.2,0.0
MacPyr,1.8845293966175498,0.49597111322705983,1.0858759279039123,0.18780346985830268,0.377555183329955,21,String[],0.2,0.0
MacJuv,0.592759776394169,0.18458337975713981,0.6077121986890864,0.10569902079930674,0.8119237935321036,21,"[""StrPur""]",0.2,100.0
MacPyr,1.0838797847552688,0.3427613256545372,0.8545765784100461,0.13296214807008935,0.7157953064848346,21,"[""StrPur""]",0.2,100.0
MacJuv,0.7834439752414329,0.1976855163198471,0.7240185081828985,0.11385103755566817,0.7777918789370942,21,"[""PycHel""]",0.2,100.0
MacPyr,1.118979075985048,0.32202839398761246,0.8979093077160781,0.1250475811645074,0.7110194524483773,21,"[""PycHel""]",0.2,100.0
MacJuv,0.8127373118414537,0.21281605189372263,0.7371550872579762,0.11604733714548104,0.7720614889850727,21,"[""StrPur"", ""PycHel""]",0.2,100.0
MacPyr,1.2772217180124368,0.35172986248117444,0.9757577185742354,0.12749874365170039,0.6714447753538253,21,"[""StrPur"", ""PycHel""]",0.2,100.0
MacJuv,0.5303465504177659,0.19624782279755928,0.5560149791262763,0.10516508294224197,0.8338203902314418,21,String[],0.5,100.0
MacPyr,1.1803813691355676,0.2986171175116498,0.9078575698379833,0.13344961633954563,0.701740301872378,21,String[],0.5,100.0
MacJuv,0.5311708461254301,0.19756571486019087,0.5514560044741987,0.10655212838202315,0.8334689895556009,21,"[""StrPur""]",0.5,100.0
MacPyr,1.232530508482016,0.3234086683735802,0.9089766023711952,0.14252930309654466,0.6791469482956898,21,"[""StrPur""]",0.5,100.0
MacJuv,0.572812565164004,0.21446609662917177,0.5630147748791663,0.11309883474902951,0.8157120467960821,21,"[""PycHel""]",0.5,100.0
MacPyr,1.2465246097219018,0.3093872055838179,0.9548639145039114,0.12937532888850348,0.6882144958243767,21,"[""PycHel""]",0.5,100.0
MacJuv,0.593873138153747,0.22758997972173547,0.5664677407490248,0.11683052615743084,0.8085808952692216,21,"[""StrPur"", ""PycHel""]",0.5,100.0
MacPyr,1.3037553730437494,0.33895108478923086,0.9525309961457347,0.14079063790347773,0.6662159166385444,21,"[""StrPur"", ""PycHel""]",0.5,100.0
MacJuv,0.6895986228604121,0.23890084706551584,0.626797893238065,0.12180374047884066,0.8128561989715781,21,String[],0.2,0.0
MacPyr,1.8845293966175498,0.49597111322705983,1.0858759279039123,0.18780346985830268,0.377555183329955,21,String[],0.2,0.0
MacJuv,1.1882512150839872,0.3240076849691819,0.8434228851637545,0.15441649067797703,0.5619456440390285,21,"[""StrPur""]",0.05,1000.0
MacPyr,1.937604842628414,0.6231796347880928,1.0532375927644833,0.20350619349495125,0.3790947774388111,21,"[""StrPur""]",0.05,1000.0
MacJuv,0.8366139564062555,0.2304146149317323,0.72478497420483,0.12475990893976305,0.7452476385690521,21,"[""PycHel""]",0.05,1000.0
MacPyr,1.4852209491132131,0.374463441231582,1.0104983696801728,0.152334171147994,0.5916028946715229,21,"[""PycHel""]",0.05,1000.0
MacJuv,0.9201504181961523,0.2646772343734092,0.7534247238479203,0.13275948246562977,0.724004800400334,21,"[""StrPur"", ""PycHel""]",0.05,1000.0
MacPyr,1.532369615506504,0.40210069105596064,1.019222523167053,0.1570915439760349,0.5877767068544971,21,"[""StrPur"", ""PycHel""]",0.05,1000.0
MacJuv,0.5447941404230557,0.19646381339442537,0.5544584862279818,0.10894262881738047,0.8279879397452526,21,String[],0.1,1000.0
MacPyr,1.2988401660650393,0.29832576198681116,0.9489762413555065,0.1411177273427783,0.648370989750736,21,String[],0.1,1000.0
MacJuv,0.545817633234361,0.20224580889330562,0.5542412728001674,0.10923237724210055,0.8269779812575301,21,"[""StrPur""]",0.1,1000.0
MacPyr,1.337076165203721,0.3215014011276766,0.9531394266697771,0.14639012919786124,0.6380218581817799,21,"[""StrPur""]",0.1,1000.0
MacJuv,0.5809231147282351,0.20984004499925304,0.5579439129321212,0.11610807567741116,0.8190666542696323,21,"[""PycHel""]",0.1,1000.0
MacPyr,1.315324308180125,0.29908198862246854,0.9651379360618987,0.13853394395495702,0.6481221286244225,21,"[""PycHel""]",0.1,1000.0
MacJuv,0.6102504452551107,0.22831069157372733,0.5636711963520227,0.12093908128851283,0.8103017172594237,21,"[""StrPur"", ""PycHel""]",0.1,1000.0
MacPyr,1.3810497548898166,0.33102697357857325,0.9796756717114854,0.145135339105689,0.6295063810313385,21,"[""StrPur"", ""PycHel""]",0.1,1000.0
MacJuv,0.6895986228604121,0.23890084706551584,0.626797893238065,0.12180374047884066,0.8128561989715781,21,String[],0.2,0.0
MacPyr,1.8845293966175498,0.49597111322705983,1.0858759279039123,0.18780346985830268,0.377555183329955,21,String[],0.2,0.0
MacJuv,0.7422948334424014,0.25130997731851185,0.6470719531742739,0.12719919827924073,0.7973876168868744,21,"[""StrPur""]",0.2,1000.0
MacPyr,1.8997460282027963,0.522014206790261,1.0775469190004583,0.19217682814993794,0.37318883581173873,21,"[""StrPur""]",0.2,1000.0
MacJuv,0.7082451669869839,0.24535519249498589,0.6335172676469112,0.12387514653476214,0.8059809702143981,21,"[""PycHel""]",0.2,1000.0
MacPyr,1.9130606925936249,0.5308326950124737,1.0854839759974833,0.19167488495448748,0.37110807549072167,21,"[""PycHel""]",0.2,1000.0
MacJuv,0.7951073589418498,0.2644387661386302,0.6678271971420036,0.13212005784499672,0.7787941937759347,21,"[""StrPur"", ""PycHel""]",0.2,1000.0
MacPyr,1.9735916236783697,0.5737076416508403,1.086360966879683,0.19917473149456108,0.33228977679395016,21,"[""StrPur"", ""PycHel""]",0.2,1000.0
MacJuv,1.766334934295956,0.48653515302353406,1.073069754541692,0.1753362820673161,-0.4302271692179288,21,String[],0.5,1000.0
MacPyr,2.1866724941270776,0.6667555694481707,1.1181357860035406,0.2163844793631607,-0.3079913648634569,21,String[],0.5,1000.0
MacJuv,1.7663352714537979,0.48653521635450236,1.0730698205146947,0.17533630995238242,-0.4302262052931845,21,"[""StrPur""]",0.5,1000.0
MacPyr,2.186672429809263,0.6667555309853586,1.1181357700829668,0.21638447604556052,-0.3079920842185761,21,"[""StrPur""]",0.5,1000.0
MacJuv,1.7663317522655144,0.48653279612918415,1.073069638865887,0.17533586376006324,-0.43022152733366203,21,"[""PycHel""]",0.5,1000.0
MacPyr,2.186672545115858,0.6667555565508425,1.1181358575194706,0.216384466776737,-0.3079908403799545,21,"[""PycHel""]",0.5,1000.0
MacJuv,1.766335339461789,0.4865352733510128,1.0730697986295066,0.175336326346114,-0.4302259999838865,21,"[""StrPur"", ""PycHel""]",0.5,1000.0
MacPyr,2.1866725220967815,0.6667555863940544,1.1181357927910638,0.21638448084096518,-0.30799106403914384,21,"[""StrPur"", ""PycHel""]",0.5,1000.0
